text,label
We reduced Scope 1 and Scope 2 emissions by 33% compared to the 2016/17 baseline.,1
The company committed to achieving net zero emissions across its entire value chain by 2040.,1
"In 2023/24, 70% of polyester used in Clothing and Home products came from verified recycled sources.",1
We removed 144 million pieces of plastic from its packaging portfolio.,1
"Food waste was reduced by 44% against the base year, moving closer to the 50% reduction target.",1
The retailer achieved 98% RSPO-certified sustainable palm oil sourcing in 2023/24.,1
Operational waste to landfill remained at 0% across owned operations.,1
We donated £5.6 million to community causes during 2023/24.,1
The company achieved 50% female representation in senior leadership roles.,1
"Energy efficiency initiatives reduced emissions by 6,000 tonnes of CO2e annually.",1
We reached 85% redistribution of edible food surplus.,1
The company committed to sourcing 100% deforestation-free soy by 2025/26.,1
Scope 3 emissions reporting improved through increased supplier data coverage.,1
LED lighting rollout increased coverage to 78% of owned stores.,1
We achieved 70 million meals donated through community partnerships.,1
Carbon emissions per square foot decreased compared to the prior reporting year.,1
The business achieved Tier 1 ranking in the Business Benchmark on Farm Animal Welfare.,1
All Fairtrade tea and coffee products maintained 100% certification.,1
Recycled polyester usage reached 70% in Clothing and Home ranges.,1
The company reduced air-freight related emissions by optimizing logistics routes.,1
We invested in low-carbon bio-LNG vehicles for logistics.,1
Water efficiency initiatives reduced freshwater usage in supply chains.,1
100% of edible surplus food was targeted for redistribution by 2025/26.,1
Renewable electricity usage increased across UK and ROI stores.,1
Carbon intensity per sales area declined year over year.,1
The company verified emissions data through independent third-party assurance.,1
We exceeded its plastic reduction target for 2023/24.,1
The retailer committed to sourcing 50% of food from sustainable water regions by 2030.,1
Supplier traceability expanded to cover over 80% of fibre materials.,1
Food sales from healthier products reached nearly 70%.,1
The company reduced gas and electricity usage across retail estates.,1
We reported 55% progress toward medium-term carbon targets.,1
Verified deforestation-free palm oil sourcing increased year over year.,1
The company launched circularity initiatives across Clothing and Home.,1
Supplier Higg FEM verification reached 77% at Tier 1 facilities.,1
We committed to reducing Scope 3 emissions in line with SBTi.,1
Energy-saving initiatives cut 24 million kWh of electricity usage.,1
Carbon footprint measurement improved using updated methodologies.,1
The retailer achieved 91% recyclable food packaging by weight.,1
Clothing and Home plastic packaging recyclability reached 80%.,1
We reported zero operational waste to landfill.,1
Food surplus redistribution increased compared to previous years.,1
The company maintained leadership in ethical sourcing benchmarks.,1
Water stewardship initiatives supported irrigation efficiency improvements.,1
We committed to science-based climate targets.,1
Supplier engagement improved emissions hotspot identification.,1
Carbon reductions aligned with the net zero transition roadmap.,1
The retailer reduced refrigeration-related emissions through upgrades.,1
We achieved progress on renewable energy adoption.,1
Carbon reporting aligned with TCFD and ISSB frameworks.,1
This section outlines the structure of the ESG report.,0
The report includes performance summaries and governance information.,0
We describes its ESG strategy framework.,0
The document explains reporting methodologies used in the analysis.,0
"Definitions of Scope 1, Scope 2, and Scope 3 emissions are provided.",0
This section introduces the net zero roadmap.,0
The report references international sustainability standards.,0
Details about reporting boundaries are explained.,0
The ESG report includes multiple performance tables.,0
We provides an overview of its supply chain.,0
This page contains highlights from the reporting year.,0
The report outlines governance committee responsibilities.,0
Explanations of sustainability metrics are included.,0
The document references external assurance providers.,0
Descriptions of ESG pillars are provided.,0
The report outlines future focus areas.,0
This section lists assessment metrics.,0
Methodologies for calculating emissions are described.,0
The ESG report includes glossary definitions.,0
Reporting assumptions are explained in detail.,0
This section introduces responsible sourcing topics.,0
The document references compliance frameworks.,0
Details about data collection processes are included.,0
This section explains risk assessment approaches.,0
Descriptions of stakeholder engagement are provided.,0
The report outlines internal governance structures.,0
The ESG strategy is explained conceptually.,0
Definitions of sustainability terms are provided.,0
The document lists reporting references.,0
This section introduces environmental focus areas.,0
The report explains materiality assessments.,0
Descriptions of audit processes are included.,0
The document outlines ESG committee oversight.,0
This section contains narrative commentary.,0
The report explains supplier categorization.,0
Methodological limitations are discussed.,0
The ESG report includes explanatory footnotes.,0
This section outlines data assurance scope.,0
Descriptions of operational boundaries are provided.,0
The document explains reporting frequency.,0
This section introduces performance indicators.,0
The report outlines ESG data structure.,0
Descriptions of policy frameworks are included.,0
The document explains disclosure alignment.,0
This section references reporting guidance.,0
The report outlines strategic priorities.,0
Descriptions of ESG governance roles are provided.,0
This section introduces social performance topics.,0
The report explains environmental reporting scope.,0
Narrative context is provided for ESG metrics.,0
Shell reduced its total combined Scope 1 and Scope 2 greenhouse gas emissions by 31% compared with the 2016 base year.,1
"In 2023, Shell achieved more than 60% of its target to halve carbon emissions from its own operations by 2030.",1
Shell reduced the net carbon intensity of the energy products it sells by 6.3% compared with a 2016 baseline.,1
Shell aims to become a net-zero emissions energy business by 2050.,1
"In 2023, Shell achieved a 2% reduction in Scope 1 and Scope 2 emissions compared with 2022.",1
Shell reduced freshwater consumption by 15% in water-stressed areas compared with its 2018 baseline.,1
Shell achieved this freshwater reduction ahead of its 2025 target date.,1
"In 2023, 32% of Shell's senior leadership positions were held by women.",1
"Shell supports energy transition skills hubs in the UK to help 15,000 people into jobs by 2035.",1
Shell linked executive remuneration to progress on energy transition targets in 2023.,1
Shell set targets to reduce net carbon intensity by up to 20% by 2030.,1
Shell reports its net carbon intensity using grams of CO2 equivalent per megajoule.,1
Shell's Scope 1 and Scope 2 emissions data were independently verified by LRQA.,1
Shell deployed €86 million into nature-based and technology-based carbon credit projects.,1
Shell invested €27 million in lower-carbon projects in Western Australia.,1
"Shell completed the acquisition of Nature Energy, a renewable natural gas producer, in 2023.",1
Shell increased its solar power activities through the acquisition of 12 projects in Spain.,1
Shell is building the Zamboni solar park in Italy with an expected capacity of 20 megawatts.,1
Shell's wind farm project will supply nearly 3% of electricity demand in the Netherlands.,1
Shell reduced methane emissions intensity to below 0.2% for operated oil and gas assets.,1
Shell committed to achieving near-zero methane emissions by 2030.,1
Shell achieved a reduction in hydrocarbon spill incidents in Nigeria compared with prior years.,1
Shell increased sites with community feedback mechanisms from 16 to 20 in 2023.,1
"Shell trained approximately 6,900 employees in energy transition-related courses in 2023.",1
Shell reported lost time injury frequency of 0.5 cases per million hours in 2023.,1
Shell increased renewable electricity purchases across multiple facilities.,1
Shell improved energy efficiency across refinery operations in 2023.,1
Shell committed to reducing plastic waste through increased recycled content in packaging.,1
Shell aims to increase recycled plastic content in branded packaging to 30% by 2030.,1
Shell committed to ensuring packaging is reusable or recyclable by 2030.,1
Shell reported total freshwater intake of 162 million cubic metres in 2023.,1
Shell reduced operational emissions through divestments and reduced flaring activities.,1
Shell reported verified Scope 3 emissions included in net carbon intensity calculations.,1
Shell committed to achieving net-zero deforestation from new activities.,1
Shell set biodiversity targets for nature-based solution projects launched after 2021.,1
Shell increased the number of biodiversity action plans across new projects.,1
Shell reported a total combined Scope 1 and 2 emissions value of 57 million tonnes in 2023.,1
Shell increased the deployment of carbon capture and storage projects.,1
Shell plans to publish its next Climate and Energy Transition Lobbying Report in 2024.,1
Shell improved data integrity through strengthened internal controls.,1
Shell committed to embedding sustainability into oil and gas operations.,1
Shell achieved reduced air-freight related emissions through operational optimisation.,1
Shell invested in renewable electricity sourcing across Europe.,1
Shell linked long-term incentive plans to emissions reduction performance.,1
Shell achieved progress toward halving operational emissions by 2030.,1
Shell maintained independent assurance of its greenhouse gas emissions data.,1
Shell improved ethical recruitment practices across its supply chain.,1
Shell committed to supporting a just transition through workforce reskilling.,1
Shell reported continued progress toward net-zero ambitions.,1
Shell maintained methane emissions below industry thresholds.,1
Greenhouse gas emissions are categorized into Scope 1 Scope 2 and Scope 3.,0
Scope 1 emissions refer to direct emissions from owned or controlled sources.,0
Scope 2 emissions relate to purchased electricity heat  or steam.,0
Scope 3 emissions include value chain emissions.,0
Net carbon intensity is expressed using grams of CO₂ equivalent per megajoule.,0
The reporting boundary includes operated assets.,0
Certain joint ventures are excluded based on operational control criteria.,0
Emissions data is aggregated at the group level.,0
Methodology aligns with the Greenhouse Gas Protocol.,0
Independent assurance providers are named in the appendix.,0
Financial figures are reported in euros unless otherwise stated.,0
Water-related metrics are disclosed for water-stressed regions.,0
Safety performance indicators are defined in the glossary.,0
Lost Time Injury Frequency is measured per million hours worked.,0
Renewable electricity purchases are tracked at site level.,0
Biodiversity considerations are described for selected projects.,0
Methane intensity is calculated as a percentage of gas production.,0
Carbon credits are classified as nature-based or technology-based.,0
The report includes a summary of acquisitions completed during the year.,0
Solar and wind projects are listed by country.,0
Emissions data is rounded to the nearest whole number.,0
Historical baselines are referenced for comparative purposes.,0
The report distinguishes between operated and non-operated assets.,0
Workforce data includes employees and contractors.,0
Gender diversity metrics are presented in percentage terms.,0
Training activities are categorized by subject area.,0
Community engagement initiatives are described by region.,0
Packaging materials are grouped by type.,0
Plastic content definitions are provided in the methodology section.,0
Water intake figures are measured in cubic metres.,0
Air freight emissions are reported separately from shipping emissions.,0
Carbon capture projects are described by development stage.,0
Assurance statements are included as annexes.,0
Ethical recruitment principles are outlined in a dedicated section.,0
Supply chain standards are referenced through policy documents.,0
Energy efficiency metrics are defined prior to reporting results.,0
Net-zero terminology is explained in the glossary.,0
Data tables provide year-on-year comparisons.,0
Reporting assumptions are disclosed for transparency.,0
Emissions calculations rely on standardized emission factors.,0
Regional summaries group operations by geography.,0
Safety definitions follow industry-standard terminology.,0
Renewable assets are categorized by technology type.,0
Sustainability governance structures are illustrated in a diagram.,0
Climate-related risks are mapped to business segments.,0
The report includes forward-looking statements disclaimers.,0
All figures are subject to methodological limitations described in the notes.,0
Levi Strauss & Co. committed to achieving net-zero greenhouse gas emissions across its value chain by 2050.,1
The company reduced absolute Scope 1 and Scope 2 greenhouse gas emissions by 81% compared with the base year.,1
Renewable electricity accounted for 99% of electricity used in company-operated facilities.,1
Levi Strauss & Co. set a target to reduce supply chain greenhouse gas emissions by 42% by 2030.,1
Freshwater use in manufacturing was reduced by 27% in high water-stress areas compared with baseline levels.,1
The company committed to reducing freshwater use in manufacturing by 50% by 2025 in water-stressed regions.,1
Levi Strauss & Co. achieved zero waste to landfill at company-operated facilities.,1
The company committed to diverting 50% of waste across strategic suppliers by 2030.,1
Levi Strauss & Co. set a goal to eliminate single-use plastics in consumer-facing packaging by 2030.,1
The company committed to sourcing 100% of its primary materials from preferred or certified sustainable sources by 2030.,1
Levi Strauss & Co. achieved increased waste diversion rates across key supplier facilities.,1
The company committed to achieving zero deforestation across high-risk materials by fiscal year 2025.,1
Levi Strauss & Co. increased the use of certified Screened Chemistry in strategic wet-processing facilities.,1
The company committed to expanding resale and upcycling initiatives across key markets by 2025.,1
Levi Strauss & Co. reported growth in the number of garments reclaimed through its resale programs.,1
The company achieved increased reuse of apparel through its SecondHand recommerce platform.,1
"Levi Strauss & Co. committed to improving apparel worker health, satisfaction, and engagement.",1
The company increased the percentage of Tier 1 suppliers with functional worker-management committees.,1
Levi Strauss & Co. reported progress toward gender-balanced representation in supplier decision-making committees.,1
The company committed to ensuring fairness and competitiveness in total rewards for employees.,1
Levi Strauss & Co. invested in community programs through the Levi Strauss Foundation.,1
The company reported third-party verification of selected greenhouse gas emissions data.,1
Levi Strauss & Co. aligned its climate targets with the recommendations of the TCFD.,1
"The company committed to science-based emissions reduction targets across Scopes 1, 2, and 3.",1
Levi Strauss & Co. increased renewable energy procurement year over year.,1
The company reduced absolute emissions across owned and operated facilities.,1
Levi Strauss & Co. established formal governance structures to oversee sustainability targets.,1
The company expanded supplier participation in environmental and social compliance programs.,1
Levi Strauss & Co. invested in water stewardship initiatives across its supply chain.,1
The company reported year-over-year progress toward long-term sustainability goals.,1
Levi Strauss & Co. believes sustainability is central to its long-term success.,0
The company aims to create a more sustainable apparel industry.,0
Levi Strauss & Co. continues to explore opportunities to reduce its environmental footprint.,0
The company strives to operate responsibly across its value chain.,0
Levi Strauss & Co. is working toward embedding sustainability into everyday decision-making.,0
Sustainability considerations are integrated into the company's business strategy.,0
Levi Strauss & Co. focuses on long-term environmental and social resilience.,0
The company prioritizes responsible sourcing as part of its sustainability approach.,0
Levi Strauss & Co. considers climate risks when planning future operations.,0
The company emphasizes collaboration with suppliers on sustainability topics.,0
Oversight of sustainability matters sits with senior leadership and the board.,0
Levi Strauss & Co. maintains internal policies to guide ESG decision-making.,0
The company reviews sustainability priorities on a regular basis.,0
Governance structures are in place to monitor sustainability initiatives.,0
Levi Strauss & Co. engages cross-functional teams to manage ESG topics.,0
Greenhouse gas emissions are calculated using internationally recognized methodologies.,0
Some sustainability metrics are reported on a calendar-year basis.,0
Data limitations may affect the comparability of reported results.,0
Supplier-reported data is used for certain environmental metrics.,0
Reported figures may differ due to rounding or methodological updates.,0
Climate change presents risks and opportunities for the apparel sector.,0
Water scarcity is a growing challenge in many sourcing regions.,0
Biodiversity loss is a systemic issue affecting global supply chains.,0
Worker well-being remains a priority across the apparel industry.,0
Circularity is an evolving concept within fashion and retail.,0
This section outlines Levi Strauss & Co.'s sustainability strategy.,0
"The report provides an overview of environmental, social, and governance topics.",0
This page describes how sustainability goals are reviewed internally.,0
The document explains how ESG data is collected and disclosed.,0
The report includes additional details in the methodology appendix.,0
The climate scenario analysis considered two climate change pathways.,0
This section describes the Climate Transition Plan.,0
Goals are measured against defined base years.,0
Facilities reaching 90% diversion are designated as zero waste.,1
The following table summarizes emissions by scope.,0
Certain calculations rely on supplier-provided data.,0
Metrics are measured in calendar months.,0
This section outlines reporting boundaries.,0
Percentages may not total 100% due to rounding.,0
The ESG report includes multiple performance tables.,0
The document references compliance frameworks.,0
We reported zero operational waste to landfill.,1
Carbon emissions per square foot decreased year over year.,1
Explanations of sustainability metrics are included.,0
We donated £5.6 million to community causes.,1
Renewable electricity usage increased across UK and ROI stores.,1
Definitions of sustainability terms are provided.,0
We invested in low-carbon bio-LNG logistics vehicles.,1
We exceeded its plastic reduction target.,1
We reached 85% redistribution of edible food surplus.,1
Supplier traceability expanded across fibre materials.,1
Details about data collection processes are included.,0
This section introduces the net zero roadmap.,0
We provides an overview of its supply chain.,0
"In 2023/24, 70% of polyester used in Clothing and Home products came from verified recycled sources.",1
The company verified emissions data through third-party assurance.,1
The company committed to achieving net zero emissions across its entire value chain by 2040.,1
The document references external assurance providers.,0
Supplier Higg FEM verification reached 77% at Tier 1 facilities.,1
Details about reporting boundaries are explained.,0
This section introduces environmental focus areas.,0
We describes its ESG strategy framework.,0
The company committed to sourcing 100% deforestation-free soy by 2025/26.,1
Food sales from healthier products reached nearly 70%.,1
The ESG report includes glossary definitions.,0
Energy-saving initiatives cut 24 million kWh of electricity usage.,1
The document lists reporting references.,0
The report outlines governance committee responsibilities.,0
Clothing and Home plastic packaging recyclability reached 80%.,1
The business achieved Tier 1 ranking in farm animal welfare benchmarks.,1
This section lists assessment metrics.,0
This section introduces responsible sourcing topics.,0
Descriptions of stakeholder engagement are provided.,0
The ESG strategy is explained conceptually.,0
The report references international sustainability standards.,0
Operational waste to landfill remained at 0% across owned operations.,1
The company achieved 50% female representation in senior leadership roles.,1
Recycled polyester usage reached 70% across product ranges.,1
We removed 144 million pieces of plastic from its packaging portfolio.,1
We achieved 70 million meals donated through community partnerships.,1
Reporting assumptions are explained.,0
The company reduced gas and electricity usage across retail estates.,1
Water efficiency initiatives reduced freshwater usage in supply chains.,1
"Definitions of Scope 1, Scope 2, and Scope 3 emissions are provided.",0
All Fairtrade tea and coffee products maintained 100% certification.,1
The retailer achieved 98% RSPO-certified sustainable palm oil sourcing.,1
This section explains risk assessment approaches.,0
The document explains reporting methodologies used.,0
"Energy efficiency initiatives reduced emissions by 6,000 tonnes of CO2e annually.",1
This section outlines the structure of the ESG report.,0
Methodologies for calculating emissions are described.,0
The report outlines future focus areas.,0
"We're in the business of accelerating life's possibilities... energy and products we produce support industrial and residential needs",1
"Our employees reported over 57,000 volunteer hours... reduced the most severe DEIs more than 30%",1
"In 2024, we confirmed our Core Values... established ambitious goals to reduce fresh water use",1
"We have been in business for 138 years... commitment to excellence drives us",1
"Freshwater withdrawal intensity is down 18% from a 2016 baseline... reduced methane emissions intensity",1
"2024 Sustainability Highlights including reductions, investments, awards, and targets",1
"Please see Page 9 for information regarding our commitment to biodiversity and Scope 3 reporting",0
"We work to optimize operations from our refineries",1
"Measures have reduced absolute Scope 3 Category 11 emissions by 5%",1
"We adopted a Scope 1 and 2 GHG emissions intensity reduction target",1
"Emissions intensity reduction target to reduce intensity 30% by 2030",1
"We are on track to achieve our Scope 1 and 2 goal prior to 2030",1
"Sustaining capital underpins our commitment... setting a new target of 38% reduction",1
"Companywide Scope 1 and 2 GHG emissions intensity trajectory and initiatives",1
"Energy efficiency improvements and EPA recognition through Focus on Energy program",1
"ENERGY STAR Challenge goal to reduce energy intensity by 10%",1
"Key performance indicators developed and facilities achieved the challenge",1
"Exceeded goal by recovering 129,000 pounds of steam and energy intensity decreased",1
"Energy efficiency initiatives and ENERGY STAR certified refineries listing",1
"Efforts will further reduce energy use and strengthen asset position",1
"ENERGY STAR Partner of the Year Sustained Excellence Award",1
"Expanded methane emissions intensity reduction target to 75% below 2016 by 2030",1
"Implemented methane reduction measures achieving 13,000 tonnes per year reduction",1
"Advanced technologies deployed to improve emissions measurement accuracy",1
"Updates to GHG reporting rules effective for 2025 emissions",0
"Methane slip definition and explanation",0
"Plan to adjust targets and phase out high-bleed pneumatic controllers",1
"Pipeline launcher designs reduce methane emissions by up to 85%",1
"Target of 75% reduction of MPLX methane emissions",1
"Strategy to expand fuels manufacturing and invest in renewable opportunities",1
"390,000 tonnes of CO2 captured from operations in 2024",1
"Description of conservation strategies such as recycling water and restoring vegetation",0
"Monitoring wetland and waterway crossing sites by habitat teams",0
"Sustainable landscapes target to apply practices to 10,000 acres by 2025",1
"Implementation plans and biodiversity partnership commitments",1
"Execution of biodiversity plans and monarch butterfly support",1
"Target to apply sustainable landscapes to 10,000 acres by 2025",1
"Integrated Vegetation and Habitat Management definitions",0
"Integrated Habitat Management definition",0
"Companywide target to reduce freshwater withdrawal intensity 20% by 2030",1
"Achieved an 18% reduction in freshwater withdrawal intensity",1
"Refinery wastewater enhancements enabling reuse through reverse osmosis",1
"Uses of water in refining and MPLX operations",0
"Reduced freshwater use through innovations and water framework discussion",1
"Water coordinators, hydrostatic testing, and repair activities description",0
"Water withdrawals measured to benchmark consumption",0
"Spill prevention section stating zero is the goal",1
"Regular drills ensure response readiness and incident response outcomes",1
"Implemented real-time public-facing air monitoring systems",1
"Audit findings tracked to resolution and safety training reported",1
"Goal to maintain a workplace free from accidents",1
"Safety honors, task force activity, and BBS completions reported",1
"Employee networks and benefits supporting wellbeing",0
"Compressed work schedule and employee benefits description",0
"Health services, wellness programs, and support resources description",0
"Complaint handling metrics and response times reported",1
"Community social impacts reported by grant recipients",1
"Social impact metrics including beneficiaries and CO2 reductions",1
"Supplier Code of Conduct and ethical expectations description",0
"Ethics certification and human rights risk mitigation aims",1
"100% of salaried employees completed Code of Conduct certification",1
"Compliance committee structure and training completion rates",1
"100% senior financial officers completed ethics certification",1
"99% of employees completed cybersecurity awareness training",1
"Report scope, SASB reference, and CDP reporting alignment",0
"Environmental expenditure tables and reporting methodology explanation",0
"EEO-1 workforce demographic statistics tables",1
"Footnotes defining gases and data comparability",0
"Historic data revisions and fatality rate reporting explanation",0
"Inspection frequency conformity and reporting definitions",0
"Process Safety Event tier definitions",0
"Scope 3 emissions definition",0
"Forward-looking statements disclaimer and terminology",0
"Emissions performance is discussed in the context of long-term climate trends.",0
"The report provides context on how emissions data should be interpreted.",0
"Sustainability efforts are described alongside broader industry challenges.",0
"Carbon management is addressed as part of the company's overall strategy narrative.",0
"Energy use considerations are included in the operational overview.",0
"Water-related risks are highlighted as part of environmental context.",0
"Climate transition topics are discussed without reference to specific outcomes.",0
"The document explains how environmental topics are prioritized internally.",0
"References are made to emissions without presenting quantified changes.",0
"The section discusses sustainability themes relevant to the sector.",0
"Environmental indicators are mentioned for informational purposes.",0
"The report contextualizes waste management within regulatory expectations.",0
"Climate-related language is used to frame long-term business considerations.",0
"Operational sustainability topics are introduced at a high level.",0
"The narrative discusses emissions in relation to business resilience.",0
"Environmental terminology is used descriptively rather than quantitatively.",0
"The report situates sustainability within a broader risk management discussion.",0
"Energy transition concepts are explained without operational assertions.",0
"Water stewardship is discussed as an area of ongoing attention.",0
"The document references emissions categories for clarity.",0
"Sustainability language is used to describe reporting scope.",0
"The section provides background on carbon accounting principles.",0
"Environmental considerations are framed as part of strategic awareness.",0
"The report outlines how sustainability topics are reviewed.",0
"Climate topics are referenced without specifying performance levels.",0
"The document explains why certain sustainability issues are material.",0
"Environmental risks are discussed conceptually.",0
"The narrative introduces sustainability-related terminology.",0
"References to emissions are made without indicating direction or magnitude.",0
"The report discusses sustainability challenges faced by the industry.",0
"Environmental factors are included in the discussion of external trends.",0
"The document provides explanatory notes on climate-related concepts.",0
"Sustainability is referenced in relation to governance structures.",0
"The report explains how environmental data is categorized.",0
"Climate considerations are discussed at a strategic level.",0
"The narrative provides context for understanding emissions disclosures.",0
"Sustainability topics are described without time-bound statements.",0
"The document references environmental frameworks for context.",0
"Energy and emissions are mentioned as relevant operational factors.",0
"The report explains how sustainability information is organized.",0
"Environmental language is used to frame reporting sections.",0
"Climate-related issues are acknowledged without performance attribution.",0
"The section discusses sustainability from a qualitative perspective.",0
"Environmental considerations are introduced as part of long-term planning.",0
"The report provides background on sustainability reporting practices.",0
"References to climate issues are informational rather than evaluative.",0
"Sustainability topics are included to support transparency.",0
"The document explains how environmental topics are presented.",0
"Climate-related concepts are described without claims of progress.",0
"This report covers Shell’s social, safety and environmental performance in 2023.",0
"The Sustainability Report is published annually by Shell.",0
"The report is structured around the Powering Progress strategy.",0
"This section explains Shell’s approach to sustainability.",0
"Scope 1 emissions refer to direct greenhouse gas emissions from sources under operational control.",0
"Scope 2 emissions relate to indirect emissions from the generation of purchased energy.",0
"Scope 3 emissions include other indirect emissions from the value chain.",0
"The report follows the Greenhouse Gas Protocol Corporate Accounting and Reporting Standard.",0
"Performance data is presented for assets under Shell’s operational control.",0
"This section outlines Shell’s sustainability governance structure.",0
"The Sustainability Committee assists the Board in reviewing sustainability topics.",0
"The report includes explanatory footnotes for emissions data.",0
"Net carbon intensity is measured using grams of CO2 equivalent per megajoule.",0
"This section describes how climate-related risks are assessed.",0
"The report provides background information on energy transition concepts.",0
"(26) To present comparable year-over-year data, the data presented for Fatalities  does not include COVID-19 cases that MPC conservatively recorded as work- related.",0
"Including these cases, 2020 Total Company Employee Fatalities is one,  and 2020 Total Company Employee Fatality Rate is 0.004.",0
"There were no work- related COVID-19 fatalities in 2021, 2022, 2023, or 2024.",0
"(27) To present comparable year-over-year data, the data presented for OSHA  Recordable Incident Rate does not include COVID-19 cases that MPC  conservatively recorded as work related.",0
"Including these cases, 2020 and 2021  Total Company Employee OSHA Recordable Incident Rate is 0.60 and 0.74,  respectively.",0
"2020 and 2021 Refining Employee OSHA Recordable Incident Rate  is 0.39 and 0.34, respectively.",0
"2020 and 2021 MPLX Employee OSHA Recordable  Incident Rate is 1.13 and 1.57, respectively.",0
"There were no COVID-19 related cases  in 2022, 2023, or 2024.",0
"(28) To present comparable year-over-year data, the data presented for Lost Time  Rate does not include COVID-19 cases that MPC conservatively recorded as  work-related.",0
"Including these cases, 2020 and 2021 Total Company Lost Time  Rate is 0.31 and 0.33, respectively.",0
"2020 and 2021 Refining Employee Days Away  Rate is 0.26 and 0.12, respectively.",0
"2020 and 2021 MPLX Employee Days Away  Rate is 0.49 and 0.74, respectively.",0
"There were no COVID-19 related cases in  2022, 2023, or 2024.",0
The Martinez and Los Angeles facilities are currently subject to the California  Cap-and-Trade Program.,0
The Anacortes facility is currently subject to the  Washington Cap-and-Invest Program.,0
"MPLX emissions data includes emissions from all midstream facilities and, as  such, a small amount of MPLX reported emissions are from MPC-owned  midstream facilities.",1
"Location-based Scope 2 emissions that include indirect GHG emissions from  consumption of purchased electricity, heat or steam.",1
As reported in the Toxic Release Inventory (TRI) Program.,0
The legal or regulatory frameworks used to define hazardous waste and  recycled hazardous waste is 40 CFR 260-261.,0
"On May 14, 2021, MPC completed the sale of Speedway to 7-Eleven, Inc.",0
"As a  result of this sale, UST data beginning in 2021 does not include Speedway.",0
Volume of spills in Unusually Sensitive Areas is inclusive of PHMSA- reportable spills only.,0
MPC and MPLX conform to inspection frequency requirements contained in  49 CFR 192 and 195.,0
Nonregulated pipelines are not included.,0
"For all years  presented, 100% of regulated natural gas and hazardous pipeline inspections  were completed as required.",1
"DEIs include releases to the environment (air, land or water), environmental  permit exceedances and agency enforcement actions.",0
Tier 3 and 4 DEIs are the  most significant types of DEIs.,0
DEI performance is only inclusive of assets/entities  that MPC and MPLX owned in the reporting year.(18) The U.S.,0
Geological Survey (USGS) Protected Areas Database v.2.1 is the  nation’s official inventory of public open space and private protected areas and  was used to determine areas of protected conservation status.,0
"Fish and  Wildlife Service (FWS) Critical Habitat, U.S.",0
FWS National Wildlife Refuge and U.S.,0
Endangered Species Habitat datasets were used to determine areas of  endangered species habitat.,0
"As MPC’s and MPLX’s operations are limited to the  U.S., these two datasets are appropriate for the evaluation of this metric in place  of the references suggested in the standard.",0
"As part of its sustainability journey, the company continues to explore opportunities to reduce emissions while balancing operational and financial considerations.",0
"The organisation is working toward embedding sustainability principles across its operations and decision-making processes.",0
"The business aims to support the transition to a lower-carbon economy through innovation and collaboration with stakeholders.",0
"In response to growing climate-related risks, the company is strengthening its approach to environmental management.",0
"The organisation remains focused on improving sustainability performance over time, in line with evolving industry expectations.",0
"The business recognises the importance of addressing water-related risks within its supply chain.",0
"As sustainability considerations become increasingly important, the company is enhancing internal awareness and governance structures.",0
"The organisation continues to prioritise responsible sourcing as part of its broader sustainability strategy.",0
"The business is committed to transparency and accountability in its sustainability reporting practices.",0
"In support of its long-term ambitions, the company is advancing initiatives aimed at reducing environmental impacts.",0
The organisation acknowledges the challenges associated with decarbonisation in energy-intensive sectors.,0
The business continues to align its sustainability approach with global frameworks and best practices.,0
"As part of its climate narrative, the company discusses potential pathways to emissions reductions.",0
The organisation is taking a measured approach to sustainability investments in light of market conditions.,0
The business highlights sustainability as a key consideration in long-term planning.,0
The company continues to refine its sustainability strategy to respond to evolving environmental and social expectations.,0
"As part of its long-term vision, the organisation is considering how sustainability factors can be better integrated into core operations.",0
The business emphasises the importance of responsible practices in shaping its future growth trajectory.,0
"In light of increasing stakeholder interest, the company is reviewing its approach to sustainability governance.",0
The organisation is focused on building internal capabilities to support sustainability-related decision-making.,0
The business recognises that environmental performance is an important component of long-term value creation.,0
The company continues to assess potential risks and opportunities associated with climate change.,0
"As sustainability expectations evolve, the organisation is adapting its internal frameworks and policies.",0
The business supports industry-wide efforts to advance sustainability practices.,0
The company highlights collaboration as a key enabler of sustainability progress.,0
The organisation acknowledges the complexity of sustainability challenges across global value chains.,0
The business continues to engage with stakeholders on sustainability-related topics.,0
"As part of its broader narrative, the company outlines its perspective on environmental responsibility.",0
The organisation is committed to maintaining alignment with relevant sustainability principles.,0
The business views sustainability as an important consideration in strategic planning.,0
The company is enhancing internal discussions around environmental and social priorities.,0
The organisation continues to monitor developments related to sustainability regulation and standards.,0
The business recognises the role of innovation in addressing long-term sustainability challenges.,0
"As part of its reporting approach, the company provides contextual discussion on sustainability themes.",0
The organisation remains attentive to stakeholder feedback on sustainability matters.,0
The business continues to evolve its sustainability approach in response to external trends.,0
The company describes sustainability as an integral part of its corporate identity.,0
The organisation supports transparency in sustainability communication.,0
The business acknowledges that sustainability performance must be considered holistically.,0
The company continues to explore how sustainability considerations can inform operational decisions.,0
"As part of its governance framework, the organisation discusses oversight of sustainability topics.",0
The business highlights the importance of aligning sustainability efforts with business objectives.,0
The company recognises sustainability as a shared responsibility across the organisation.,0
The organisation continues to build awareness of sustainability issues among employees.,0
The business outlines its approach to managing sustainability-related risks.,0
The company positions sustainability as a long-term strategic focus.,0
The organisation reflects on the role of sustainability in navigating future challenges.,0
The business acknowledges ongoing expectations to improve sustainability practices.,0
"As part of its strategic review, the company considers sustainability-related inputs.",0
The organisation continues to communicate its sustainability ambitions to stakeholders.,0
The business frames sustainability as an evolving area of focus.,0
The company discusses sustainability considerations within its broader business context.,0
The organisation highlights the importance of responsible business conduct.,0
The business continues to align its sustainability narrative with corporate values.,0
The company recognises sustainability as an important dimension of resilience.,0
The company continues to evolve its sustainability thinking in response to changing environmental and societal dynamics.,0
"As part of its ongoing review process, the organisation is reassessing how sustainability considerations are reflected in business decisions.",0
The business emphasises the importance of maintaining flexibility in its sustainability approach as external conditions change.,0
"In recognition of emerging challenges, the company is broadening internal conversations around sustainability priorities.",0
The organisation views sustainability as a journey that requires continuous learning and adaptation.,0
The business acknowledges that sustainability expectations vary across regions and stakeholders.,0
The company is working to ensure that sustainability considerations remain embedded in strategic discussions.,0
"As part of its corporate narrative, the organisation reflects on the role of sustainability in long-term success.",0
The business continues to strengthen its understanding of sustainability-related risks and opportunities.,0
The company recognises that achieving sustainability outcomes requires collaboration across the value chain.,0
The organisation is enhancing internal alignment on sustainability objectives and principles.,0
The business highlights sustainability as an important lens through which future challenges are assessed.,0
"As expectations continue to evolve, the company is refining how it communicates sustainability topics.",0
The organisation considers sustainability to be an integral component of responsible business conduct.,0
The business acknowledges that sustainability performance must be contextualised within industry realities.,0
The company continues to engage in dialogue around sustainability with a broad range of stakeholders.,0
"As part of its strategic planning cycle, the organisation considers sustainability-related inputs.",0
"The business recognises the interconnected nature of environmental, social, and governance issues.",0
The company frames sustainability as a key consideration in navigating long-term uncertainty.,0
The organisation remains attentive to emerging sustainability trends and developments.,0
The business acknowledges the complexity involved in translating sustainability ambitions into action.,0
The company continues to refine its sustainability messaging to ensure clarity and consistency.,0
"As part of its internal governance processes, the organisation discusses sustainability oversight.",0
The business views sustainability as an ongoing area of focus rather than a fixed destination.,0
The company recognises the importance of aligning sustainability efforts with overall business strategy.,0
The organisation continues to build internal awareness of sustainability-related topics.,0
The business acknowledges that progress on sustainability may vary across different parts of the organisation.,0
The company positions sustainability as a shared responsibility across teams and functions.,0
"As part of its reporting approach, the organisation provides qualitative context on sustainability matters.",0
The business recognises sustainability as a factor influencing long-term resilience.,0
The company continues to assess how sustainability expectations may influence future operations.,0
The organisation frames sustainability as an evolving area shaped by regulatory and market forces.,0
The business highlights the role of leadership in fostering a sustainability-oriented culture.,0
The company acknowledges that sustainability challenges require long-term commitment.,0
"As part of its broader outlook, the organisation reflects on sustainability-related considerations.",0
The business continues to explore how sustainability can support value creation.,0
The company recognises sustainability as an important dimension of corporate responsibility.,0
The organisation continues to monitor sustainability-related developments globally.,0
The business frames sustainability as an integral part of its corporate ethos.,0
The company acknowledges that sustainability priorities may shift over time.,0
"As part of its internal reviews, the organisation considers sustainability implications.",0
The business recognises that sustainability outcomes depend on multiple external factors.,0
The company continues to articulate its sustainability perspective to stakeholders.,0
The organisation views sustainability as a dynamic and multifaceted topic.,0
The business acknowledges that sustainability performance should be assessed holistically.,0
The company frames sustainability as a long-term consideration rather than a short-term objective.,0
The organisation continues to align sustainability discussions with broader corporate themes.,0
The business recognises the importance of context when discussing sustainability topics.,0
The company positions sustainability as an area of ongoing attention.,0
The company has programmes in place to manage environmental risks across its operations.,0
The organisation maintains systems to support operational reliability and safety.,0
Policies are implemented to guide environmental and safety practices.,0
The business has established procedures to manage spill prevention efforts.,0
Operational controls are designed to support safe facility performance.,0
The company follows internal processes to monitor environmental compliance.,0
Management systems are used to oversee health and safety risks.,0
The organisation has frameworks in place to manage sustainability-related risks.,0
Routine maintenance programmes support the integrity of assets and infrastructure.,0
The business applies standard operating procedures to manage operational hazards.,0
Environmental management practices are embedded within daily operations.,0
The company maintains internal controls to oversee emissions-related activities.,0
Processes are in place to identify and manage potential environmental impacts.,0
The organisation applies risk-based approaches to asset management.,0
Safety management systems guide incident prevention activities.,0
The business follows established protocols for environmental monitoring.,0
Operational practices are designed to align with regulatory requirements.,0
The company uses internal guidelines to manage water-related risks.,0
Environmental considerations are integrated into operational decision-making.,0
The organisation maintains procedures to support responsible waste management.,0
Programmes are established to oversee pipeline inspection activities.,0
The business applies maintenance standards to support equipment reliability.,0
The company has governance processes to oversee sustainability initiatives.,0
Operational policies guide environmental risk management activities.,0
"Systems are in place to manage health, safety, and environmental performance.",0
The organisation maintains procedures to address potential operational incidents.,0
Environmental risk assessments are conducted as part of routine operations.,0
The business applies internal standards for asset integrity management.,0
The company has processes to support responsible resource use.,0
Operational guidelines are used to manage energy-related activities.,0
The organisation maintains frameworks to oversee environmental compliance obligations.,0
Procedures are in place to guide incident response planning.,0
The business follows established practices for managing operational risks.,0
Environmental management systems support oversight of site-level activities.,0
The company applies structured approaches to safety risk management.,0
Operational processes are designed to support regulatory compliance.,0
The organisation maintains policies to guide sustainability governance.,0
Risk management practices are embedded across operational functions.,0
The business has controls in place to oversee environmental monitoring activities.,0
Procedures are followed to manage potential safety hazards.,0
The company maintains systems to support environmental oversight.,0
Operational management practices guide sustainability-related activities.,0
The organisation applies internal processes to manage compliance risks.,0
Environmental considerations are reflected in operational planning processes.,0
The business maintains protocols to support safe operations.,0
The company follows structured approaches to managing environmental risks.,0
Operational systems are designed to support responsible operational practices.,0
The organisation maintains governance structures for sustainability oversight.,0
Processes are in place to support asset reliability and operational safety.,0
The company has established processes to manage environmental and operational risks.,0
The organisation maintains internal systems to support safety and reliability.,0
Operational procedures guide the management of environmental impacts.,0
The business applies governance frameworks to oversee sustainability activities.,0
Environmental management responsibilities are assigned across operational teams.,0
The company follows structured processes for managing operational hazards.,0
Risk management systems support oversight of environmental issues.,0
The organisation maintains protocols to manage health and safety considerations.,0
Operational guidelines are used to support environmental compliance.,0
The business has processes in place to oversee asset integrity.,0
Environmental policies guide decision-making across operations.,0
The company applies standard procedures to manage spill prevention activities.,0
Governance structures support oversight of sustainability-related matters.,0
Operational controls are maintained to manage environmental risks.,0
The organisation follows established practices for safety management.,0
Procedures are used to guide environmental monitoring activities.,0
The business applies internal frameworks for managing regulatory obligations.,0
Environmental considerations are incorporated into operational processes.,0
The company maintains systems to oversee safety-related activities.,0
Operational planning includes consideration of environmental factors.,0
The organisation has mechanisms in place to manage compliance risks.,0
Environmental management systems support operational oversight.,0
The business applies risk-based approaches to operational management.,0
Procedures guide the handling of environmental incidents.,0
The company follows internal policies to manage sustainability topics.,0
Operational practices are aligned with environmental governance frameworks.,0
The organisation maintains processes to oversee waste management activities.,0
Risk assessments are conducted as part of operational management.,0
The business has established protocols to manage environmental risks.,0
Environmental responsibilities are defined within operational roles.,0
The company applies management systems to oversee environmental performance.,0
Operational controls are used to manage safety considerations.,0
The organisation follows procedures to manage environmental compliance.,0
Governance processes support sustainability oversight.,0
The business maintains internal standards for environmental management.,0
Environmental considerations are integrated into routine operations.,0
The company has systems in place to oversee operational risks.,0
Operational frameworks guide sustainability-related activities.,0
The organisation maintains processes to support regulatory compliance.,0
Environmental monitoring activities follow established protocols.,0
The business applies internal controls to manage environmental risks.,0
Operational policies guide safety and environmental management.,0
The company maintains procedures to manage resource-related activities.,0
Risk management practices support environmental oversight.,0
The organisation applies structured approaches to sustainability governance.,0
Operational systems support the management of environmental issues.,0
The business follows defined processes for safety oversight.,0
Environmental policies inform operational practices.,0
The company maintains governance structures to oversee environmental management.,0
Processes are used to manage environmental and operational considerations.,0
The company has programmes in place to manage greenhouse gas emissions.,0
The company reduced greenhouse gas emissions by 18% compared to the 2022 baseline.,1
The organisation maintains systems to monitor energy consumption.,0
The organisation reduced total energy consumption by 12% in 2023.,1
Operational procedures guide water management practices.,0
Water withdrawal intensity decreased by 22% relative to the 2019 baseline.,1
The business applies policies to support waste management.,0
The business diverted 91% of operational waste from landfill in 2023.,1
The company has processes in place to support renewable energy sourcing.,0
Renewable electricity accounted for 68% of total electricity use in 2023.,1
Environmental considerations are integrated into logistics planning.,0
Logistics-related emissions declined by 9% following route optimisation.,1
The organisation maintains systems to oversee supplier sustainability.,0
Supplier sustainability audits covered 87% of Tier 1 suppliers in 2023.,1
The business follows procedures to manage spill prevention.,0
Spill incidents declined by 26% compared to the previous reporting year.,1
The company applies maintenance programmes to support asset reliability.,0
Unplanned equipment failures decreased by 15% year over year.,1
The organisation has frameworks to manage methane emissions.,0
Methane emissions intensity fell below 0.2% in 2023.,1
The business has policies to guide deforestation risk management.,0
The company sourced 100% deforestation-free palm oil in 2023.,1
Environmental monitoring systems are used across operations.,0
Air pollutant emissions were reduced by 14% through process upgrades.,1
The company maintains procedures to oversee packaging practices.,0
Recycled content reached 52% across consumer-facing packaging.,1
The organisation applies governance structures for climate oversight.,0
The board approved science-based climate targets aligned with a 1.5°C pathway.,1
Operational controls guide refrigerant management activities.,0
Refrigerant-related emissions declined by 19% following equipment upgrades.,1
The business follows protocols to manage water-related risks.,0
Water reuse systems supplied 31% of total process water at key sites.,1
The company has systems to manage employee health and safety.,0
Lost time injury frequency decreased by 24% compared to 2021.,1
Environmental risk assessments are conducted for key assets.,0
Climate risk assessments were completed for 100% of critical assets.,1
The organisation maintains programmes to support biodiversity protection.,0
"The company restored 1,500 hectares of degraded land in 2023.",1
Operational planning includes consideration of energy efficiency.,0
Energy efficiency initiatives saved 24 million kWh during the reporting year.,1
The business applies standards to oversee supplier labour practices.,0
Functional worker-management committees covered 89% of Tier 1 suppliers.,1
The company maintains internal controls for emissions reporting.,0
Emissions data was independently verified by a third-party auditor.,1
Procedures guide incident response preparedness.,0
Emergency response drills achieved a 100% completion rate in 2023.,1
The organisation follows policies to manage plastic use.,0
Single-use plastic was eliminated from secondary packaging in 2023.,1
The business has frameworks to oversee sustainability investments.,0
The company invested $45 million in emissions reduction initiatives.,1
The company applies systems to monitor fleet efficiency.,0
Low-emission vehicles represented 48% of the corporate fleet.,1
Environmental considerations are included in capital planning.,0
Capital investments enabled a 14% reduction in operational emissions.,1
The organisation maintains governance processes for ESG oversight.,0
Executive remuneration was linked to emissions reduction performance.,1
Operational policies guide waste handling practices.,0
Hazardous waste incidents were reduced to zero in 2023.,1
The company follows procedures to manage renewable projects.,0
On-site solar capacity increased by 40 megawatts in 2023.,1
The business applies frameworks to oversee community engagement.,0
Community investment reached £5.6 million during the reporting year.,1
The organisation maintains systems to support workforce training.,0
"Employees completed 120,000 hours of sustainability-related training.",1
Environmental planning considers land-use impacts.,0
Biodiversity action plans were implemented across 18 project sites.,1
The company applies risk-based approaches to pipeline management.,0
Pipeline inspection coverage reached 100% of regulated assets.,1
The organisation has processes to manage air quality risks.,0
Nitrogen oxide emissions were reduced by 16% in 2023.,1
The business maintains controls for water stewardship.,0
Water stress mitigation measures were implemented at 18 locations.,1
The company applies sustainability criteria to procurement.,0
Sustainable materials represented 68% of total material inputs.,1
Operational systems guide carbon capture activities.,0
"Carbon capture projects captured 390,000 tonnes of CO2 in 2024.",1
The organisation maintains procedures to manage safety performance.,0
Recordable safety incidents declined by 18% year over year.,1
The business applies frameworks to oversee emissions targets.,0
The company met its interim emissions reduction target in 2023.,1
Environmental governance structures support decision-making.,0
The sustainability committee met quarterly to review performance metrics.,1
The company follows protocols to manage resource efficiency.,0
Packaging weight per unit sold decreased by 10% in 2023.,1
The organisation maintains systems for monitoring workforce diversity.,0
Women represented 58% of senior management positions in 2024.,1
The business applies standards to manage data integrity.,0
Independent assurance confirmed reported emissions reductions.,1
The company has programmes to manage environmental compliance.,0
Full compliance with new environmental regulations was achieved in 2023.,1
Operational frameworks support sustainability strategy execution.,0
The company achieved a 14% reduction in process-related emissions.,1
The company made progress toward reducing operational emissions during the reporting year.,1
Steps were taken to improve energy efficiency across key facilities.,1
The organisation advanced its efforts to lower carbon intensity in core operations.,1
Emissions reduction initiatives were implemented across multiple business units.,1
The company continued to reduce its environmental footprint through targeted actions.,1
Operational practices were adjusted to support lower greenhouse gas emissions.,1
The business achieved measurable improvements in energy performance.,1
Actions taken during the year contributed to a reduction in overall emissions.,1
The organisation strengthened its approach to managing climate-related impacts.,1
Sustainability initiatives resulted in lower resource consumption across operations.,1
The company improved environmental performance through operational optimisation.,1
Progress was made in reducing emissions associated with logistics activities.,1
The business implemented measures that contributed to improved energy outcomes.,1
Operational changes supported continued reductions in environmental impact.,1
The organisation reported improvements in emissions management practices.,1
Efforts undertaken during the year led to lower energy-related emissions.,1
The company delivered improvements aligned with its emissions reduction objectives.,1
Environmental initiatives contributed to reduced resource intensity.,1
The business achieved reductions in operational environmental pressures.,1
Actions to improve sustainability performance were executed across operations.,1
The organisation advanced implementation of its emissions reduction plans.,1
The company reported positive outcomes from energy efficiency initiatives.,1
Operational efficiencies resulted in lower environmental impact.,1
The business reduced emissions through enhanced operational controls.,1
Improvements in processes supported better environmental performance.,1
The organisation recorded progress in managing greenhouse gas emissions.,1
Sustainability measures contributed to improved emissions outcomes.,1
The company continued to deliver against its environmental performance goals.,1
Operational initiatives supported reductions in energy use.,1
The business achieved improved emissions outcomes through targeted actions.,1
Environmental performance improved as a result of operational initiatives.,1
The organisation reduced emissions associated with core business activities.,1
Progress was achieved in lowering energy consumption across facilities.,1
The company reported improved efficiency in energy-intensive operations.,1
Operational improvements led to reduced environmental impact.,1
The business implemented actions that reduced emissions intensity.,1
Environmental initiatives delivered tangible improvements in performance.,1
The organisation advanced its sustainability objectives through operational measures.,1
The company reduced emissions through changes in operational practices.,1
Efficiency measures resulted in lower energy-related emissions.,1
The business made progress in managing its environmental footprint.,1
Operational performance improvements supported emissions reduction efforts.,1
The organisation achieved improvements aligned with climate-related objectives.,1
Actions undertaken during the period contributed to improved sustainability outcomes.,1
The company continued to reduce environmental impacts through efficiency measures.,1
Operational initiatives resulted in measurable environmental improvements.,1
The business achieved positive environmental outcomes from sustainability actions.,1
The organisation reported continued progress on emissions-related initiatives.,1