company,claim_text,confidence
Shell,Sustainability at Achieving net-zero Sustainability in Our performance Shell,0.926
Shell,Sustainability at Achieving net-zero Sustainability in Our performance Shell Our values emissions Respecting nature,0.929
Shell,"Powering lives oil and gas data Letter from the CEO Wael Sawan Chief Executive Officer In 2023, we made good progress in our goal of creating more value with less emissions.",0.944
Shell,"We achieved our second-best financial results ever, while reducing our carbon emissions on the path towards becoming a net-zero emissions energy business by 2050.",0.957
Shell,"By year s end, we had achieved more than 60% of our target of halving carbon emissions in our own operations by 2030, compared with 2016.",0.953
Shell,"We also met our short-term target to reduce the net carbon intensity of the energy products we sell, with a 6.3% reduction against our target of 6 8% compared with 2016.",0.955
Shell,"A fifth contractor colleague, who was injured in a fire in Nigeria in 2023, passed away in February 2024.",0.938
Shell,"Delivering oil and gas with less emissions As we continue to deliver the oil and gas that the global energy system relies on, we are reducing the carbon emitted in its production.",0.93
Shell,"In 2023, we helped two additional countries reduce their reliance on coal-fired power generation by delivering the first cargoes of LNG to new import terminals in the Philippines and Vietnam.",0.953
Shell,We are also working to reduce the emissions intensity of our LNG projects.,0.907
Shell,"We aim to keep methane emissions below 0.2% at Shell-operated oil and gas assets each year, and I am pleased to say we achieved this again in 2023.",0.923
Shell,Our target is to achieve near-zero methane emissions by the end of this decade.,0.916
Shell,It is expected to reduce CO 2 emissions by about 80% over its operating life.,0.916
Shell,Investing in the energy transition We are also investing in low-carbon and non-energy products that reduce emissions for our customers.,0.913
Shell,"In 2023, we invested 5.6 billionin low-carbon energy solutions, including biofuels, hydrogen, charging for electric vehicles and renewable power generation and 2.3 billionon non-energy products such as chemicals, lubricants and convenience retail, which do not produce emissions when our customers use them.",0.952
Shell,This amounted to around one-third of our total capital spending in 2023.,0.945
Shell,Powering lives oil and gas data We also invested 49% of our research and development budget in 2023 on decarbonisation projects.,0.955
Shell,"We have already achieved some of the commitments made under our respecting nature goal, which we set in 2021.",0.915
Shell,"These include reducing fresh- water consumption by 15% compared with 2018 in areas where water supplies are stressed, which we reached ahead of the target date of 2025.",0.943
Shell,"We are working hard to help develop a viable circular economy for plastics, despite a global lack of feedstock made from plastic waste, slow technology development and regulatory uncertainty.",0.902
Shell,"In 2023, we signed several strategic co-operation agreements with partners to increase supplies of feedstock and enable its long-term storage.",0.948
Shell,"We also continued to remove single-use plastics like cups and cutlery from our Shell-owned service stations and to find new ways to reduce, recycle or reuse plastics in our packaging for lubricants and car-care products.",0.949
Shell,Even more lack clean cooking facilities.,0.929
Shell,"Shell has pledged 200 millionas part of a broader initiative to help people in sub-Saharan Africa, India and South-east Asia get access to energy in the near and medium term.",0.924
Shell,"For instance, in 2023, 32% of our senior leadership positions were held by women, which is close to our target of 35% by 2025.",0.911
Shell,Sustainability at Achieving net-zero Sustainability in Our performance Shell Our values emissions Respecting nature,0.929
Shell,Our Purpose Growing value through a dynamic portfolio and disciplined capital allocation To power progress together by providing more and cleaner energy solutions Respecting Nature,0.916
Shell,Two Committee members also visited the Olympus offshore platform in the US Gulf of Mexico to review safety and sustainability performance.,0.917
Shell,Shell Sustainability Report 2023 Sustainability at Achieving net-zero Sustainability in Our performance Shell,0.925
Shell,"Powering lives oil and gas data Performance overview Performance in 2023 74 g CO e MJ 31% 2 net carbon intensity, which reduction in our total 2022 2.0 measures the life-cycle combined Scope 1 and 2 serious injuries and emissions intensity of the absolute greenhouse gas fatalities per 100 million portfolio of energy emissions compared with working hours.",0.925
Shell,approach to safety Delivering our climate See Delivering our climate targets targets 63 2022 66 litres of biofuels went into public electric vehicle operational process safety Shell s petrol and diesel charge points operated by Tier 1 and 2 events.,0.94
Shell,"See Supply chain Diversity, equity and investment inclusion 83% 295,000 120,000 2022 78,300 spent on goods and formal training days for students participated in services from suppliers employees and joint- NXplorers, our flagship based in the same country venture partners.",0.931
Shell,B Including around 3.4 billion litres through our Raízen joint venture.,0.943
Shell,"We assessed our performance using three metrics selling lower-carbon products the proportion of adjusted earnings in our Marketing segment coming from lower-carbon energy products (on a life-cycle basis), as well as non-energy products and convenience retail reducing our operational emissions greenhouse gas abatement projects that reduce our Scope 1 and 2 operational emissions and partnering to decarbonise progress in rolling out electric vehicle charge points.",0.954
Shell,"The annual bonus scorecard continued to include a customer excellence measure (10% weighting), highlighting the importance of building stronger customer relationships in the energy transition.",0.941
Shell,The scorecard also continued to include safety performance (15% weighting).,0.931
Shell,"In 2023, a proportion of the Long-term Incentive Plan, applicable to Executive Directors and around 150 other senior executives, was linked to Shell s journey in the energy transition (25% weighting), including a target to reduce the net carbon intensity of our energy products by 9 13% Read more about remuneration in our 2023 Annual Report.",0.924
Shell,Annual bonus scorecard architecture 2023 Long-term Incentive Plan performance conditions 2023,0.918
Shell,d Shell s journey in the energy transition (25%) customer excellence 10%),0.935
Shell,"c Shell s journey in the energy transition Performance against the relative performance (Selling lower-carbon products 5%, conditions is assessed against other energy majors reducing operational emissions 5%, (bp, Chevron, Exxon Mobil and Total Energies).",0.937
Shell,Shell Sustainability Report 2023 Sustainability at Achieving net-zero Sustainability in Our performance Shell,0.925
Shell,Sustainability at Achieving net-zero Sustainability in Our performance Shell Our values emissions Respecting nature,0.929
Shell,Clearer information on the key challenges faced by Shell in achieving its respecting nature targets.,0.934
Shell,The environmental challenges associated with wind and solar activities.,0.929
Shell,Business ethics and transparency 14 Safety 10 Shell Sustainability Report 2023 Sustainability at Achieving net-zero Sustainability in Our performance Shell,0.903
Shell,"In 2023, we offered training to 131 third-party organisations in 16 countries.",0.945
Shell,"In 2023 there were 2,134 254 reports to the Shell Global Helpline confirmed breaches of the Code of Conduct 278 66 employees or contractor staff subject to people dismissed disciplinary action Shell Performance Framework",0.935
Shell,"In 2023, we notified a number of data privacy regulators of personal data breaches.",0.911
Shell,"Powering lives oil and gas data In the EU, Shell s reported estimated annual costs related to activities covered by the register were 4,000,000 to 4,500,000 in 2023 A .",0.92
Shell,"In 2023, we continued to advocate our policy positions on climate and the energy transition.",0.935
Shell,"In the EU, Shell advocated policies to enable commercial investments in the energy transition, notably the creation of demand for low-carbon solutions.",0.94
Shell,"We supported the Fit for 55 package, including binding targets for the use of renewable hydrogen and advanced biofuels.",0.957
Shell,We supported policies to accelerate the electrification of road transport and frameworks that help the business case for carbon abatement and removal.,0.945
Shell,"In the USA, we advocated the full implementation of the Infrastructure Investment and Jobs Act of 2021 and the Inflation Reduction Act of 2022.",0.941
Shell,"In March 2024, we updated ourglobal climate and energy transition policy positions, which we believe support the energy transition and the Paris Agreement as we transform our business.",0.935
Shell,We plan to publish our next Climate and Energy Transition Lobbying Report in April 2024.,0.936
Shell,"In 2023, our taxes paid and collected excise duties, sales taxes and similar levies on our fuel and other products on behalf of governments A .",0.935
Shell,"We also made other payments to governments, including 11 billion inproduction entitlements, 2 billion infeesand 47 million inbonuses.",0.951
Shell,Our multi-year process of refreshing our approach to safety for all employees and contractors started in 2020.,0.951
Shell,"In 2023, we achieved safe construction, commissioning and start-up of a floating production unit (FPU) for the Shell-operated Vito field (Shell interest 63.1%) in the US Gulf of Mexico.",0.948
Shell,"The fabrication of another FPU, Whale (Shell interest 60%) in the Gulf of Mexico, was completed in 2023 after 12 millionhours without fatality or serious injury.",0.941
Shell,Sustainability at Achieving net-zero Sustainability in Our performance Shell Our values emissions Respecting nature,0.929
Shell,"Powering lives oil and gas data In 2023, senior executives from Shell s 23 major global contractors joined Shell executives in Norway for our annual Contractor Safety Leadership workshop.",0.919
Shell,"An additional contractor colleague who was injured in 2023, succumbed to their injuries in February 2024.",0.934
Shell,"One contractor colleague in Malaysia died during scaffolding work, and one in the Philippines died after a fall from height.",0.912
Shell,"Two contractor colleagues in Nigeria died in a security incident, along with four government security agents.",0.935
Shell,"In Nigeria, another contractor colleague injured in a tugboat fire incident later passed away.",0.92
Shell,The number of serious injuries and fatalities increased to 12 (five fatalities A and seven serious injury cases) in 2023 from nine in 2022.,0.95
Shell,"In 2023, the SIF-F was 2.6 injuries and illnesses per 100 millionworking hours, compared with 2.0 in 2022.",0.916
Shell,"In 2023, the number of injuries per million working hours the total recordable case frequency was 1.1, an increase from 1.0 in 2022.",0.946
Shell,The level of injuries that led to time off work in 2023 increased to 0.5 cases per million hours compared with 0.4 in 2022.,0.955
Shell,The number of Tier 1 and 2 operational process safety events in 2023 decreased slightly compared with 2022.,0.95
Shell,There were 63 events reported during the year compared with 66 in 2022.,0.922
Shell,"This sets a new record for Shell, confirming our top-tier performance in the industry.",0.917
Shell,"The decrease was in our Downstream, Renewables and Energy Solutions business, due to improvements in work processes and using data to enhance safety planning.",0.944
Shell,"In 2023, we held four large-scale emergency response exercises at certain assets we operate in Trinidad and Tobago, Singapore, the UK and the USA.",0.938
Shell,"We also supported one large-scale emergency response exercise at an asset in Argentina, owned and operated by Raízen, one of our joint ventures (Shell interest 44%).",0.946
Shell,"In 2023, there were 70 operational spills of more than 100 kilograms compared with 55 in 2022.",0.941
Shell,"The volume of operational spills of oil and oil In 2023, there were no Level 1 or Level 2 well-control incidents at Shell-operated ventures.",0.945
Shell,"Powering lives oil and gas data In 2023, 140 spills were caused by sabotage, compared with 75 in 2022.",0.951
Shell,"In 2023, the Shell Petroleum Development Company of Nigeria Limited (SPDC), as operator of the SPDC joint venture (JV, Shell interest 30%) A , reported nine operational spill incidents of more than 100 kilograms of crude oil, compared with the 10 reported in 2022.",0.939
Shell,"Spills caused by sabotage In 2023, about 94% of the oil spills of more than 100 kilograms from the SPDC-operated facilities were caused by the illegal activities of third parties.",0.943
Shell,"In 2023, the volume of crude oil spills of more than 100 kilograms caused by sabotage was around 1.4 thousand tonnes (139 incidents), The increased number of incidents in 2023 can be directly attributed to an increase in third-party illegal connections to pipelines, with 119 incidents reported in 2023 compared with 56 in 2022.",0.93
Shell,"Spill response and prevention in Nigeria Spills in 2023 Clean-up Prevention Number of operational spills 9 Average days before joint investigation Illegal theft points removed 675 in 2023, from six days in 2016 Number of spills caused by third-party Average days to complete the recovery of Steel cages installed to protect wellheads interference and other illegal activities 139, surface oil around one week in 2023, 374 as of December 31,2023 94% of the total improved from 13 days in 2016 Volume of spills caused by third-party Number of sites remediated 194 in 2023, Breaches of steel cages in 2023 38 out of interference and other illegal activities less 970 in total since 2016 508 attempts 18 Shell Sustainability Report 2023 Sustainability at Achieving net-zero Sustainability in Our performance Shell",0.906
Shell,"Powering lives oil and gas data Prevention In 2023, SPDC continued on-ground surveillance of its areas of operation, including its pipeline network, to mitigate third-party interference and ensure that spills are detected and responded to as quickly as possible.",0.948
Shell,"In 2023, 60 new steel cages were installed around critical infrastructure nodes, bringing the total number of cages installed to 374.",0.941
Shell,"In 2023, around 54 kilometres of pipelines and flow lines were replaced.",0.953
Shell,"In 2023, the time that SPDC needed to complete the recovery of free-phase oil oil that forms a separate layer and is not mixed with water or soil remained at around one week.",0.935
Shell,"In January 2024, Shell announced the sale of SPDC.",0.917
Shell,"Road safety In 2023, Shell employees and contractors drove around 464 millionkilometres on work-related business.",0.956
Shell,"In 2023, about 30,600 Shell employees and contractors were identified as driving on work-related business, and therefore required defensive driver training (DDT).",0.927
Shell,"In 2023, we launched an internal virtual DDT course to align better with industry partners approaches.",0.934
Shell,"By the end of 2023, we had installed active fatigue and distraction detection (AFDD) devices in around 3,380 vehicles operated by Shell or our contractors in countries where road transport risks are highest.",0.928
Shell,"In 2024, we will continue to install AFDD devices in vehicles operated by Shell, including both contractor and Shell-owned vehicles.",0.906
Shell,"Safety at sea At the end of 2023, we managed and operated a global fleet of 25 tankers, liquefied natural gas carriers and the world s first liquefied hydrogen carrier, the Suiso Frontier.",0.941
Shell,"In 2023, we held 20 workshops on applying cause and effect analysis in incident investigations.",0.938
Shell,"Air safety In 2023, for Shell-operated ventures, our owned and contracted aircraft flew more than 38,000 hours and safely carried Shell employees and contractors on more than 281,000 passenger journeys to destinations across the world.",0.943
Shell,"In addition, remotely piloted aircraft safely completed almost 3,400 flight hours on surveys, inspections, emissions surveillance, and security and incident response.",0.949
Shell,"In 2023, we carried out more than 900 risk assessments for products and additives.",0.948
Shell,"We also published and distributed around 170,000 safety data sheets to customers in about 180 countries.",0.927
Shell,Energy transition 27 Managing greenhouse gas emissions 34 Providing lower-carbon electricity 37,0.933
Shell,Sustainability in Our performance Shell Our values zero emissions Respecting nature Powering lives oil and gas data Energy transition Our journey to net zero Emissions from our own operations (Scope 1 and 2) Eliminate routine flaring from Upstream operations by 2025 C .,0.925
Shell,Maintain methane emissions intensity below 0.2% and achieve near-zero methane emissions by 2030 D .,0.947
Shell,"E Customer emissions from the use of our oil products (Scope 3, Category 11) were 517 million tonnes carbon dioxide equivalent (CO 2 e) in 2023 and 569 million tonnes CO 2 e in 2021.",0.946
Shell,Our target is to become a net-zero emissions energy business by 2050.,0.924
Shell,"In October 2021, in support of our 2050 net-zero emissions target, we set a target to reduce Scope 1 and 2 absolute emissions from assets and we had achieved more than 60% of our target (see Delivering our climate targets).",0.946
Shell,"In March 2024, we published our Energy Transition Strategy 2024, in which we take stock of our progress since launching our Powering Progress strategy in 2021 and look forward as we transform Shell into a net-zero emissions energy business by 2050.",0.92
Shell,"In March 2024, we updated ourglobal climate and energy transition policy positions.",0.947
Shell,"Sustainability in Our performance Shell Our values zero emissions Respecting nature Powering lives oil and gas data We signed up to the Oil and Gas Decarbonization Charter announced at COP28 in 2023, within which organisations have pledged to achieve near-zero methane emissions by 2030 and zero routine flaring by no later than 2030.",0.939
Shell,"We also intend to contribute to the World Bank s Global Flaring and Methane Reduction Fund, which was launched at COP28.",0.918
Shell,"As we work to deliver more value with less emissions, we are focusing on natural gas, particularly LNG continuing the transformation of select integrated refineries into energy and chemicals parks biofuels and developing low-carbon products and solutions for our customers.",0.903
Shell,Shell home energy retail divestment Mero-2 start-up India Sprng Energy investment funnel Brazil Mero-3 Cross Wind HKN Mero-4 HEFA Biofuels Plant Rotterdam Netherlands Malaysia Marjoram Rosmari Holland Hydrogen,0.907
Shell,"In 2023, we invested 7.9 billionin low-carbon energy and non-energy products, around a third of our total cash capital expenditure A of 24.4 billion.",0.954
Shell,"Of this, we invested 5.6 billionin low-carbon energy solutions including biofuels, hydrogen, charging for electric vehicles, wind and solar power, an increase of 30% compared with the previous year.",0.955
Shell,"The remaining 2.3 billionwas invested in non-energy products such as chemicals, lubricants and convenience retail.",0.946
Shell,Our investment in non-energy products decreased by 41% compared with 2022 due to the completion of Shell Polymers Monaca in 2022 and greater inorganic expansion in our lubricants and convenience retailing businesses in 2022.,0.955
Shell,Investing in the energy transition Total cash capital expenditure of 24.4 billionin 2023,0.952
Shell,"Absolute emissions reduction performance In October 2021, in support of our 2050 net-zero emissions target, we set a target to reduce Scope 1 and 2 absolute emissions from assets and activities under our operational control (including divestments) by 50% by 2030, compared with 2016 levels on a net basis.",0.937
Shell,"In 2023, our total combined Scope 1 and 2 absolute greenhouse gas emissions (from assets and activities under our operational control) were 57 milliontonnes on a CO 2 equivalent basis, a 2% reduction compared with 2022 and a 31% reduction compared with 2016, the base year for our target.",0.944
Shell,"Our Scope 3 emissions associated with our energy product sales were 1,147 milliontonnes of CO 2 equivalent, compared with 1,174 million tonnes of CO 2 equivalent in 2022.",0.957
Shell,"In March 2024, we set an ambition to reduce customer emissions related to the use of our oil products by 15 20% by 2030, compared with 2021 (Scope 3, Category 11) B .",0.942
Shell,"B Customer emissions from the use of our oil products (Scope 3, Category 11) were 517 million tonnes carbon dioxide equivalent (CO 2 e) in 2023 and 569 million tonnes CO 2 e in 2021.",0.946
Shell,We have estimated the overall uncertainty for our direct greenhouse gas emissions to be around 4% for 2023.,0.901
Shell,D We estimated the uncertainty of our 2023 Scope 2 greenhouse gas emissions from the market-based method to be around 8%.,0.946
Shell,We undertake external verification of our greenhouse gas emissions annually.,0.913
Shell,Our Scope 1 and 2 greenhouse gas emissions from assets and activities under our operational control and the emissions associated with the use of our energy products (Scope 3) included in our net carbon intensity have been verified to a level of limited assurance by LRQA.,0.903
Shell,This has led to an update to our net carbon intensity target.,0.933
Shell,"As a result, we are now targeting a 15 20% reduction in the net carbon intensity of the energy products we sell by 2030, compared with 2016, against 20% previously.",0.919
Shell,"In 2023, Shell s net carbon intensity was 74 grams of carbon dioxide equivalent per megajoule of energy (g CO 2 e MJ), a 2.6% decrease from the previous year and a 6.3% reduction compared with 2016, the base year.",0.948
Shell,The decrease in our net carbon intensity in 2023 was mainly achieved through a reduction in the average intensity of power sold and the use of carbon credits.,0.953
Shell,The power intensity reduction was driven mainly by progress in grid decarbonisation in key markets such as the USA and Europe and partly by increased sales of renewable power including the retirement of renewable energy certificates.,0.941
Shell,"The carbon credits we retired in 2023 amounted to 20 million tonnes of emission offsets, compared with 4.1 million tonnes that were included in our 2022 net carbon intensity.",0.957
Shell,"Of the carbon credit retirements included in Shell s net carbon intensity metric for 2023, 85% were certified by We undertake external verification of our net carbon intensity annually, and we have received third-party limited assurance on our net carbon intensity for the period 2016 to 2023 by LRQA.",0.939
Shell,"Our Scope 3 emissions associated with our energy products sales were 1,147 milliontonnes of CO 2 equivalent, compared with Our direct greenhouse gas emissions (Scope 1, operational control boundary) decreased from 51 milliontonnes of CO 2 equivalent in 2022 to 50 milliontonnes of CO 2 equivalent in 2023.",0.954
Shell,Direct greenhouse gas emissions Million tonnes,0.943
Shell,"The reduction was achieved by divestments in 2022 (including the Deer Park and Mobile refineries in the USA and Shell-operated upstream assets in Tunisia and the Philippines) the handover of operations at OML 11 in Nigeria in 2022 reduced flaring at assets, including the Shell Nigeria Exploration and Production Company (SNEPCo) and greenhouse gas abatement projects and the purchase of renewable electricity.",0.951
Shell,"These decreases were partly offset by bringing more units online at Shell Polymers Monaca, our new polyethylene production facility in the USA, and higher emissions due to maintenance activities at our Pearl GTL gas-to-liquids facility in Qatar and a shutdown of our Prelude floating liquefied natural gas facility in Australia in 2022.",0.949
Shell,"In 2023, we implemented a variety of measures to reduce the energy use and increase the energy efficiency of our operations.",0.926
Shell,"Sustainability in Our performance Shell Our values zero emissions Respecting nature Powering lives oil and gas data Drivers of absolute Scope 1 and 2 emissions change a Emissions A d Reduction activities and purchased renewable electricity B C D E b Acquisitions e Change in output F c Divestments f Other A Total Scope 1 and Scope 2 emissions, rounded to the nearest million tonnes.",0.945
Shell,Scope 2 emissions were calculated using the market-based method.,0.922
Shell,C Excludes 6.8 milliontonnes of CO 2 captured and sequestered by the Shell-operated Quest CCS facility in Canada between 2016 and 2022.,0.909
Shell,D Excludes 1.0 milliontonnes of CO 2 captured and sequestered by the Shell-operated Quest CCS facility in Canada in 2023.,0.935
Shell,"E Of the 1,081 thousand tonnes of reduction activities and purchased renewable electricity in 2023, around 200 thousand tonnes related to purchased renewable electricity.",0.948
Shell,"Our indirect greenhouse gas emissions associated with imported energy (Scope 2, operational control boundary) remained flat at 7 million tonnes of CO 2 equivalent in 2023 (using the market-based method), compared with 2022.",0.954
Shell,"The refinery energy intensity index increased from 95.6 in 2022 to 98.7 in 2023, in part due to lower utilisation at several sites.",0.954
Shell,Energy intensity refining Refinery Energy Index,0.906
Shell,"Chemical steam cracker energy intensity in 2023 was 20.3 gigajoules per tonne (GJ tonne) of high-value chemical(HVC) production, up from 19.3 GJ tonne HVC in 2022.",0.951
Shell,28 Shell Sustainability Report 2023 Sustainability at Achieving net-,0.901
Shell,Sustainability in Our performance Shell Our values zero emissions Respecting nature Powering lives oil and gas data Energy intensity chemical plants Chemical energy intensity gigajoules per tonne of production 30 15 0,0.931
Shell,"In 2023, the overall energy intensity for the production of oil and gas in our Integrated Gas and Upstream business (excluding liquefied natural Energy intensity upstream (Excl. liquefied natural gas and gas-to-liquids) gigajoules per tonne of production 2 1 0",0.931
Shell,Our standards and policies More on Shell websites Our approach Our climate target Our climate target frequently asked questions Methane emissions Maintain methane emissions intensity of Shell-operated oil and gas assets (including liquefied natural gas) to below 0.2% and achieve near-zero methane emissions by 2030.,0.935
Shell,Our target is to maintain methane emissions intensity of Shell-operated oil and gas assets (including liquefied natural gas) to below 0.2% and achieve near-zero methane emissions by 2030.,0.933
Shell,"In 2023, we again met our target to keep methane emissions intensity below 0.2%.",0.953
Shell,Our methane emissions intensity averaged 0.05% for Methane emissions Thousand tonnes 150 100 50 0 29 Shell Sustainability Report 2023,0.953
Shell,Sustainability in Our performance Shell Our values zero emissions Respecting nature Powering lives oil and gas data Methane emissions by source in 2023 Percentage 11% 12%,0.925
Shell,"d Combustion 24% In 2023, Shell s total methane emissions were 41 thousand tonnes compared with 40 thousand tonnes in 2022.",0.955
Shell,"The increase was due to venting (which includes maintenance at our Prelude floating LNG facility, Australia and operational issues at Sarawak Shell Berhad, Malaysia) and higher reported emissions from integrated gas assets in Canada resulting from the adoption of enhanced source level measurements in line with Oil and Gas Methane Partnership (OGMP) reporting requirements.",0.93
Shell,Methane emissions were around 2% of Shell s greenhouse gas emissions on a CO 2 equivalent basis in 2023.,0.954
Shell,More than 65% of our reported methane emissions in 2023 came from flaring and venting in our upstream and midstream operations.,0.949
Shell,Methane reduction at Shell-operated and non-operated sites We continue to reduce methane emission sources across Shell-operated assets.,0.948
Shell,"By the end of 2023, around 80% of fugitive emission sources at our operated oil, gas and liquified natural gas production facilities used leak detection and repair programmes to tackle leaks and monitor equipment.",0.948
Shell,"At our QGC natural gas project in Australia, for instance, we have reduced methane emissions from gas dehydration facilities by around 2,800 tonnes since 2017.",0.929
Shell,Many of our non-operated venture partners became signatories to the OGMP programme in 2023.,0.925
Shell,"In 2023, we were awarded Gold Standard status for our OGMP 2.0 reporting for the third consecutive year.",0.944
Shell,"In 2023, members of the MGP, including Shell, started to engage with governments and companies in 20 countries, informing them about methane policies and regulations and sharing best practice on methane emissions reduction along the gas value chain.",0.91
Shell,"We intend to contribute to the World Bank s Global Flaring and Methane Reduction Fund to help finance methane emissions detection, quantification and abatement projects in low- and middle-income countries.",0.915
Shell,Shell also signed the Oil and Gas Decarbonization Charter that was launched at COP28 in 2023.,0.953
Shell,Powering lives oil and gas data Flaring Eliminating routine flaring from Upstream operations by 2025 A .,0.95
Shell,"We have set a target to eliminate routine flaring from our Upstream operations by 2025 A , challenging ourselves to move faster than the World Bank s Zero Routine Flaring by 2030 initiative, to which we are a signatory.",0.903
Shell,A Subject to the completion ofthe sale of Shell Petroleum Development Company Limited(SPDC).,0.901
Shell,"We signed up to the Oil and Gas Decarbonization Charter announced at COP28, within which organisations have pledged to achieve near- zero methane emissions by 2030 and zero routine flaring by 2030.",0.95
Shell,"We also intend to contribute to the World Bank s Global Flaring and Methane Reduction Fund, which was launched at COP28.",0.918
Shell,Flaring performance Flaring of gas in our Integrated Gas and Upstream business contributed around 6% of our overall direct greenhouse gas emissions in 2023.,0.953
Shell,Flaring upstream hydrocarbons flared A Million tonnes 6 3 0,0.948
Shell,"In 2023,0.7 milliontonnes of hydrocarbons were flared in our Integrated Gas and Upstream business, down from 0.8 milliontonnes in 2022.",0.95
Shell,Routine hydrocarbon flaring remained relatively flat compared with 2022 at 0.1 milliontonnes.,0.955
Shell,Around 50% of total routine and non-routine flaring in our Integrated Gas and Upstream facilities in 2023 occurred in assets operated by Shell Petroleum Development Company of Nigeria Limited (SPDC) and Shell Nigeria Exploration and Production Company Limited (SNEPCo).,0.929
Shell,"In 2023, around 10% of our greenhouse gas emissions from flaring occurred at facilities where there was no infrastructure to capture the gas, which is similar to the percentage in 2022.",0.932
Shell,Overall flaring decreased to 2.8 milliontonnes of carbon dioxide equivalent (CO 2 e) in 2023 from 3.0 milliontonnes of CO 2 e in 2022 due to a reduction in flaring from some assets including the Shell Nigeria Exploration and Production Company (SNEPCo) in 2023.,0.951
Shell,31 Shell Sustainability Report 2023 Sustainability at Achieving net-,0.902
Shell,"Our performance In 2023, which was a turbulent year for the voluntary carbon market, we continued to build a portfolio of high-quality nature-based and non- nature-based projects with long-term commitments.",0.943
Shell,We deployed 86 million 52 million for nature-based projects and 34 million for technology-based projects that generate carbon credits.,0.957
Shell,"For 2023, we retired around 21.8 millioncarbon credits, of which 20 millioncredits are included in our net carbon intensity and 1.8 millioncredits are associated mainly with the sale of non-energy products and Shell s business travel (one carbon credit represents the avoidance or removal of 1 tonne of CO 2).",0.945
Shell,"In 2023, in the USA, we launched Greenline Climate with the Spatial Informatics Group to provide development services for projects generating forest carbon credits.",0.937
Shell,We also invested in carbon sequestration developer Kateri to help livestock farmers protect and restore grasslands and earn carbon credit revenues through sustainable land and grazing management.,0.953
Shell,"In 2023, Shell s spending on CCS opportunities (operating expenses and cash capital expenditure) amounted to around 340 million, an increase of 55% from 220 million in 2022.",0.948
Shell,"By the end of 2023, the Shell-operated Quest CCS project at the Scotford upgrader in Canada (Shell interest 10%) had captured and safely stored more than 8.8 milliontonnes of CO 2 since it began operating in 2015.",0.934
Shell,"In Australia, the Gorgon CCS project (Shell interest 25%, operated by Chevron), reported it had stored more than 9 milliontonnes of CO 2 equivalent as of December 2023.",0.934
Shell,"In addition to these significant emission reductions, Chevron has confirmed it had acquired and surrendered carbon credits to address historical injection shortfalls.",0.929
Shell,"In May 2023, our Northern Lights CO 2 transport and storage joint venture (Shell interest 33.3%) in Norway signed agreements with Yara, the crop nutrition company, and Ørsted, the renewable energy company, to transport and store 830,000 tonnes and 430,000 tonnes of CO 2 a year respectively.",0.932
Shell,"Sustainability in Our performance Shell Our values zero emissions Respecting nature Powering lives oil and gas data In the UK, the Acorn CO 2 transport and storage project (Shell interest 30%), for which we are the technology developer, advanced to the next stage of government approval.",0.948
Shell,"Also in the UK, Shell and Esso Exploration and Production UK were jointly awarded three carbon storage appraisal licences in the UK s first-ever carbon storage licensing round.",0.938
Shell,"Shell also won an order in 2023 for its CANSOLV carbon capture technology for the world s largest post-combustion carbon capture, utilisation and storage plant.",0.951
Shell,"In 2023, we sold 279 terawatt-hours of electricity.",0.955
Shell,"In the Netherlands, in 2023, the Hollandse Kust Noord offshore wind farm (Shell interest 79.9%), which has a generating capacity of 759 megawatts, became operational.",0.943
Shell,"We also opened two onshore renewable energy parks in the Netherlands Pottendijk, a hybrid solar and wind farm, and Koegorspolder.",0.948
Shell,"In March 2023, we entered into a partnership to deliver a utility-scale battery energy storage system in Australia.",0.947
Shell,"In November, we divested our retail businesses in the UK and Germany to Octopus Energy and are closing the business in the Netherlands.",0.942
Shell,"During the year, we signed renewable energy PPAs with Microsoft and Baker Hughes and with Google in early 2024.",0.947
Shell,"We also acquired EGO, one of Italy s largest operators of virtual power plants.",0.948
Shell,"Ecowende (Shell interest 60%), our joint venture with Eneco, plans to create a new ecological benchmark for the development of its 750 megawatt offshore wind farm at Hollandse Kust West in the Netherlands.",0.905
Shell,"Nearby, our Hollandse Kust Noord offshore wind farm (Shell interest 79.9%) became operational in 2023.",0.947
Shell,Yes Hollandse Kust Noord B Offshore Netherlands 79.9% 759 JV-operated Tetra Spar Floating wind Norway 46.2% 4 JV-operated Wind projects under construction and or capacity committed for sale Brazos A Onshore USA 40% 182 Yes 2024 Hollandse Kust West Offshore Netherlands 60% 760 JV-operated 2026 Sprng Energy Onshore India 100% 218,0.904
Shell,"Yes n a A Brazos Repower represents the complete replacement of the Brazos turbines, increasing capacity from 160 MW to 182 MW.",0.942
Shell,B Construction completed in December 2023 with formal commercial operations beginning in 2024.,0.946
Shell,"We are expanding our solar photovoltaic power generation capability by investing in the development and operation of solar projects to support the decarbonisation of our customers, Shell and society.",0.915
Shell,"In 2023, we increased our solar power activities significantly through the acquisition of 12 solar projects in Spain from renewables developer Isemaren.",0.952
Shell,We also started production at two solar parks in the Netherlands Pottendijk and Koegorspolder.,0.937
Shell,Pottendijk is our first wind-solar hybrid plant.,0.905
Shell,"In Italy, we are building the Zamboni solar park, which will have a peak capacity of around 20 megawatts and is expected to be operational in 2024.",0.918
Shell,"Shell has signed a power purchase agreement with Baker Hughes, the energy technology company, which will use the electricity to help decarbonise its Italian facilities (see also Integrated power).",0.91
Shell,Yes Sohar Solar Quabas Oman 100% 25,0.914
Shell,Yes Sas van Gent Netherlands 100% 24,0.911
Shell,Yes Pottendijk (solar) Netherlands 100% 37,0.926
Shell,Yes Koegorspolder Sluiskil Netherlands 100% 23,0.914
Shell,Yes Solar projects under construction and or capacity committed for sale A Sprng Energy B Asia 100% 900,0.947
Shell,"In 2023, around 9.7 billionlitres of biofuels went into Shell s petrol and diesel worldwide, compared with 9.5 billionlitres in 2022.",0.948
Shell,"This included around 3.4 billionlitres through our joint venture Raízen (Shell interest 44%, not Shell-operated) in Brazil, compared with about 3 billionlitres in 2022.",0.937
Shell,"In 2023, Raízen produced around 3.1 billionlitres of ethanol from sugar cane and 30 millionlitres of second-generation cellulosic ethanol made from inedible agricultural waste.",0.954
Shell,Raízen also commissioned in 2023 the first of eight world-scale advanced biofuel plants which it aims to build in Brazil.,0.936
Shell,We have invested in agroforestry company Investancia Group.,0.947
Shell,"In 2023, we announced a multi-year agreement to buy sustainable aviation fuel from Montana Renewables, the largest SAF producer in North America, and worked together on building blending and distribution capabilities to deliver SAF to customers.",0.941
Shell,"We also signed an agreement to supply SAF to Emirates airline at Dubai International Airport, the first time that SAFhas been used in the airport s fuelling system.",0.939
Shell,"Sustainability in Our performance Shell Our values zero emissions Respecting nature Powering lives oil and gas data Also in 2023, Bank of America, Google, Yokagawa and many other companies joined Avelia, a blockchain-powered book-and-claim programme for business travel that we launched in 2022 with partners to help aggregate demand for SAF.",0.911
Shell,Shell is increasing bio LNG production capacity and building a network of bio LNG refuelling sites in Europe.,0.943
Shell,"In 2023, we completed the acquisition of one of Europe s largest RNG producers, Nature Energy of Denmark.",0.949
Shell,"We are also building a bio LNG liquefaction plant at our Energy and Chemicals Park Rheinland in Germany, which is expected to start production in 2024.",0.93
Shell,"At the end of 2023, we had around 54,000 public charge points at Shell forecourts, on-street locations and at destinations like supermarkets, up from 27,000 charge points in 2022.",0.934
Shell,"We expect to have around In 2023, we completed the acquisition of Volta Inc. in the USA.",0.941
Shell,"We also acquired evpass, which owns Switzerland s largest network of electric vehicle charging stations.",0.939
Shell,"In China in 2023, we opened our largest electric vehicle charging station globally, which has 258 fast-charging points partially powered by the station s rooftop solar panels.",0.949
Shell,"At the end of 2022, we started to build Holland Hydrogen I in the Netherlands, one of the largest renewable hydrogen plants in Europe.",0.935
Shell,"In Oman, we acquired a 35% interest in Green Energy Oman, which aims to produce renewable hydrogen, ammonia, methanol and synthetic fuels from seawater, powered by 25 gigawatts of solar and wind energy.",0.947
Shell,"In Germany, we launched Hydrogen Pay-Per-Use, through which truck operators can hire hydrogen-fuelled trucks to explore transitioning their fleet from diesel to hydrogen and reduce their carbon emissions.",0.943
Shell,"Sustainability in Our performance Shell Our values zero emissions Respecting nature Powering lives oil and gas data Driving innovation In 2023, we spent 1,287 millionon research and development (R D), compared with 1,067 millionin 2022.",0.952
Shell,"We also started work on more than 270 R D projects with universities, compared with more than 250 in 2022.",0.954
Shell,"In 2023, our R D expenditure on projects that contributed to decarbonisation was around 628 million, representing about 49% of our total R D spend, compared with around 41% in 2022.",0.939
Shell,"Innovations in 2023 In 2023, Shell won an order for its CANSOLV carbon capture technology for the world s largest post-combustion carbon capture, utilisation and storage facility.",0.946
Shell,"We also took the decision to build a direct air capture demonstration unit in the USA to prove the technical viability of our solid sorbent technology, which removes carbon dioxide from the air.",0.916
Shell,The storage system will optimise steam production and is expected to reduce the use of diesel by 300 tonnes and CO 2 emissions by more than 900 tonnes annually.,0.929
Shell,Sustainability at Achieving net-zero Respecting Sustainability in Our performance Shell Our values emissions nature,0.911
Shell,We have already achieved some of the commitments we set when we launched respecting nature in 2021.,0.911
Shell,Our commitment to reduce fresh- water consumption in highly water-stressed areas by 15% was achieved ahead of the target date of 2025.,0.958
Shell,"habitats will have a net positive impact on biodiversity, commencing from 2021.",0.91
Shell,"Water stewardship We are implementing water stewardship principles Forest habitats We will replant forests, achieving net-zero deforestation from across our businesses and developing local improvement plans.",0.934
Shell,"This includes new activities, while maintaining biodiversity and conservation value, focusing on the sustainable management of fresh water, including in commencing from 2022.",0.926
Shell,"Plastic packaging We will work with our suppliers and contractors to help end plastic waste in the environment By 2030, we will increase the amount of recycled plastic in Shell-branded packaging to 30% and ensure that the packaging we use for our products is reusable or recyclable.",0.929
Shell,"A Underpinned by our Health, Safety, Security, Environment and Social Performance (HSSE SP) Commitment and Policy and Control Framework and, from mid-2024, our new Safety, Environment and Asset Management (SEAM) Standards.",0.914
Shell,"In 2023, we continued to collaborate with the IUCN, non-governmental organisations and other energy companies to develop guidance for renewable energy developments and infrastructure.",0.936
Shell,"Together with Earthwatch, in 2023, we trained more than 800 employees in virtual sessions across the world and face-to-face sessions in 10 countries.",0.917
Shell,"Critical habitats Our new projects in areas rich in biodiversity critical habitats will have anet positive impacton biodiversity, commencing from 2021.",0.93
Shell,"Forest habitats We will replant forests, achievingnet-zero deforestationfrom new activities, while maintaining biodiversity and conservation value, commencing from 2022.",0.946
Shell,"In 2023, all our direct-investment nature-based projects that were certified and produced carbon credits complied with this commitment.",0.944
Shell,"Between January 2022 and the end of 2023, around 292 hectares had been deforested as a result of our new activities, which occurred largely in Australia, Canada and Nigeria where reforestation plans have been finalised.",0.906
Shell,"Waste disposal Thousand tonnes 3,000 1,500 0 Non-hazardous Hazardous 44 Shell Sustainability Report 2023 Sustainability at Achieving net-zero Respecting Sustainability in Our performance Shell Our values emissions nature",0.926
Shell,"Powering lives oil and gas data In 2023, we disposed of 631 thousand tonnes of hazardous waste, compared with 878 thousand tonnes in 2022.",0.954
Shell,"We disposed of 1,619 thousand tonnes of non-hazardous waste in 2023, compared with 1,135 thousand tonnes in 2022.",0.953
Shell,"The increase was primarily caused by higher volumes of water from production and maintenance activities that required disposal at the Shell-operated Scotford Upgrader (Shell interest 10%), Canada, and the ramp-up of low-carbon solutions and other project work.",0.901
Shell,"In total, we disposed of 2,251 thousand tonnes of waste, compared with 2,012 thousand tonnes in 2022.",0.952
Shell,"We also sent 654 thousand tonnes of residual materials for reuse, recycling or use as a raw material in another process.",0.944
Shell,"Our approach to respecting nature Plastics More on Shell websites Our approach Circular economy and waste Water Plastics We will work with our suppliers and contractors to help end plastic waste in the environment By 2030, we will increase the amount of recycled plastic in Shell-branded packaging to 30% and ensure that the packaging we use for our products is reusable or recyclable.",0.924
Shell,"By 2030, we aim to increase the amount of recycled plastic in Shell-branded packaging to 30% and ensure that the packaging we use for our products is reusable or recyclable.",0.914
Shell,"In 2023, 19% of the plastic packaging for Shell-branded car care, food and drink products globally was made from post-consumer recycled material, compared with 8% in 2022.",0.951
Shell,"In Europe, 31% of the plastic used in our Shell Car Care packaging for screenwash, coolant and other products was post-consumer recycled (up from 6% in 2022) and 90% of it was recyclable.",0.95
Shell,"Also in 2023, we launched our first lubricant bottles made from 100% post-consumer recycled plastic for selected premium products produced at our plants in Thailand, India, Indonesia and Malaysia.",0.948
Shell,"In Europe, we introduced jerrycans which use around 27% less plastic and have better recycling potential than the alternative of round pails.",0.91
Shell,"In China, we introduced a 1-litre label-free bottle for motor oil which uses 3% less plastic by weight compared with the standard alternative.",0.94
Shell,"And in North America, our pilot campaign to collect and recycle lubricant containers recovered around 4,260 kg of hard-to-degrade plastic which might otherwise have been deposited in landfills.",0.941
Shell,"In 2023, more than 40% of Shell-owned service stations had eliminated unnecessary single-use plastic including cutlery, straws and stirrers, up Recycling plastic waste as chemical feedstock Shell is helping to develop a viable plastic circular economy.",0.947
Shell,"In 2023, we signed several strategic co-operation agreements with partners to unlock access to plastic waste feedstock and enable long-term storage of pyrolysis oil.",0.952
Shell,Work on our new pyrolysis oil upgrader at the Shell Chemicals Park Moerdijk in the Netherlands continues.,0.928
Shell,"In 2023, we continued to make progress in reducing our consumption of fresh water in highly water-stressed areas.",0.95
Shell,"In 2023, these four facilities consumed 17 millioncubic metres of fresh water, compared with 18 millioncubic metres in 2022.",0.937
Shell,"With this reduction, we achieved our commitment to reduce fresh-water consumption by our facilities in areas of high water stress by 15% compared with our 2018 baseline of 25 millioncubic metres.",0.95
Shell,"The reduction was mainly the result of decreased water use at the Shell Energy and Chemicals Park Singapore following the decommissioning of some processing units, with a smaller reduction at the Pearl GTL facility in Qatar.",0.928
Shell,"In 2023, for all our sites, our overall intake of fresh water increased to 162 millioncubic metres from 148 millioncubic metres in 2022.",0.952
Shell,"The increase was due, in part, to the effects of a fire at the Shell Deer Park chemical plant and increased production at Shell Polymers Monaca in the USA.",0.905
Shell,Fresh water withdrawn by business Million cubic metres 200 c 3 3 2 2 150 2 135 152 50 Sustainability at Achieving net-zero Respecting Sustainability in Our performance Shell Our values emissions nature,0.934
Shell,"Powering lives oil and gas data Fresh water withdrawn by source Percentage 33% c a Surface a b Ground 51% c Public utilities b 16% Of our fresh-water intake in 2023, 33% was from public utilities, such as municipal water supplies.",0.918
Shell,"In addition to our Powering Progress commitment to reduce water consumption in water-scarce areas, we also aimed to assess options for further reduction goals.",0.916
Shell,"In 2021 and 2022, we conducted detailed water use assessments at six major Shell facilities.",0.923
Shell,"By the end of 2023, we had completed detailed assessments against these principles at eight of our downstream and upstream facilities to identify opportunities for improvement.",0.914
Shell,"In 2023, the combined total of hydrocarbons discharged to surface water across all our facilities increased to 1.0 thousand tonnes, compared with 0.9 thousand tonnes in 2022, which was due, in part, to discharges at the Shell Energy and Chemicals Park Singapore.",0.941
Shell,"We disposed of 58 millioncubic metres of produced water in 2023, which is unchanged from 2022.",0.952
Shell,We have built up one of the largest LNG bunkering networks on key shipping routes to enable more customers to use LNG as a fuel.,0.912
Shell,Our sulphur oxide (SOX) emissions in 2023 decreased to 31 thousand tonnes from 37 thousand tonnes in 2022.,0.953
Shell,"Our nitrogen oxide (NOX) emissions in 2023 decreased to 88 thousand tonnes from 93 thousand tonnes in 2022, due, in part, to divestments of Shell-operated Upstream assets in Tunisia and the Philippines and downtime of generators at Shell-operated assets in Trinidad and Tobago.",0.954
Shell,"because of, in part, planned and unplanned production stops at our Shell MDS gas-to-liquids facility in Malaysia.",0.918
Shell,A just transition 49 Shell Sustainability Report 2023 Sustainability at Achieving net-zero Sustainability in Our performance Shell,0.925
Shell,"A International Energy Agency, SDG 7 Data and Projections, 2023.",0.939
Shell,"In 2022, we acquired Daystar Power, a provider of solar power to businesses in West Africa.",0.943
Shell,"In 2024, we took a further step towards providing access to energy for those without.",0.943
Shell,We pledged 200 millionas part of a broader initiative to help people get access to energy in the near and medium term.,0.956
Shell,"Powering lives oil and gas data Saharan Africa, India and South-east Asia get access to electricity and improved cooking conditions (as defined by the World Bank Multi-Tier Framework).",0.94
Shell,"In 2023, we continued to implement programmes to improve access to energy.",0.952
Shell,"Through these programmes, around 42,000 people in India, Malaysia, the Philippines and South Africa gained access to either electricity or improved cooking conditions.",0.934
Shell,"For instance, in India, we partnered with Care India to promote the use of improved cooking solutions in 25 villages in South Gujarat.",0.928
Shell,"And in Nigeria, we worked with Pact in 2022 and 2023 to help micro-enterprises switch from diesel generators to electric motors to power their businesses.",0.927
Shell,The project enabled a 30% reduction in energy consumption and a 60% increase in recorded income.,0.955
Shell,More in this report Providing lower-carbon electricity Letter from the CEO Our Powering Progress targets More on Shell websites Our approach Working with communities Local employment and enterprise Working with our suppliers Supply chain,0.925
Shell,"In 2023, we worked with around 25,000 suppliers globally.",0.944
Shell,"In 2023, our operated and non-operated ventures spent around 48.6 billionon goods and services from suppliers around the world A .",0.932
Shell,"By the end of 2023, we had signed non-binding memoranda of understanding with eight companies to identify and potentially provide solutions for decarbonisation.",0.909
Shell,Sustainability at Achieving net-zero Sustainability in Our performance Shell Our values emissions Respecting nature,0.929
Shell,Towards zero waste We are working towards achieving zero waste and circularity in our supply chains by reducing waste generated and increasing reuse and recycling in our business.,0.902
Shell,"In 2023, we focused on improving waste management at 12 key facilities in Argentina, Australia, Canada, Qatar and the USA.",0.948
Shell,"In 2023, around 83% of what we spent on goods and services globally was purchased from suppliers based in the same country of operation, also called local procurement.",0.924
Shell,"About 60.7% of our procurement was in Canada, Germany, the Netherlands, the UK and the USA, of which 83% was spent with local suppliers in these countries.",0.914
Shell,"In these countries, Shell companies spent around 90% with local suppliers.",0.927
Shell,"In 2023, our Scotford Complex in Canada signed a Good Neighbour Agreement with the Alexander First Nation and Enoch Cree Nation, and awarded a three-year maintenance contract to an Alexander First Nation joint venture.",0.935
Shell,52 Shell Sustainability Report 2023 Sustainability at Achieving net-zero Sustainability in Our performance Shell,0.908
Shell,"Powering lives oil and gas data And in the USA, the Women s Business Enterprise National Council named Shell a Top Corporation for Women s Business Enterprises for implementing world-class diversity and inclusion programs that enable growth and innovation, while breaking down barriers for women enterprises .",0.906
Shell,"In 2023, we spent almost 198 millionon social investment, of which 35% was required by government regulations or contractual agreements.",0.953
Shell,We spent the remaining 128.3 million(65%) on voluntary social investment.,0.953
Shell,"In 2023, Shell contributed 11.6 milliontowards disaster relief response across several countries, including 5 milliontowards earthquake relief in Turkey.",0.949
Shell,"Other g Disaster relief 11% c b h Biodiversity i Health j Road safety 15% 13% Around 84.8 millionof our total social investment spend in 2023 was in countries that, according to the UN Development Programme s Human Development Index 2021, have a gross national income of less than 15,000 a year per person.",0.913
Shell,"In 2023, around 25,000 people participated in, and more than 2,800 businesses were supported by, our skills development programmes, which helped more than 1,800 people gain employment and or improve their livelihoods after the training.",0.945
Shell,"In 2023, Shell Live WIRE trained about 3,400 people around the world and helped create more than 1,200 jobs.",0.938
Shell,"The programme supported 1,051 existing businesses and the creation of 196 new businesses, with 38 Shell Live WIRE-supported businesses entering our supply chain in 2023.",0.949
Shell,"In 2023, the programme supported 44 start-ups in Brazil, the Netherlands (as New Energy Challenge), Singapore and the UK.",0.931
Shell,"In 2023, in the UK, our year-long Girls in Energy course taught some 230 young women about energy and career opportunities in the energy industry.",0.938
Shell,"And in Kazakhstan, we signed a non-binding memorandum of understanding with the Ministry of Education to strengthen co-operation in promoting critical, creative and systemic thinking by using the NXplorers methodology.",0.939
Shell,"The businesses in which Shell has interests employed more than 2,500 people directly in 2023 and provided jobs for many others in supplier networks.",0.942
Shell,"In 2023, the Shell Petroleum Development Company joint venture (SPDC JV), Shell Nigeria Exploration and Production Company (SNEPCo) and Shell Nigeria Gas (SNG) awarded 1,163 contractsto Nigerian-registered companies.",0.942
Shell,Shell Sustainability Report 2023 Sustainability at Achieving net-zero Sustainability in Our performance Shell,0.925
Shell,"In 2023, SPDC and SNEPCopaid 1.09 billionin royalties and corporate taxes to the Nigerian government (SPDC 442 million, SNEPCo 649 million) C .",0.939
Shell,"Between them, the SPDC JV, SNEPCo and SNG also contributed 42.2 millionin direct social investment.",0.944
Shell,"Social investment was mainly in projects related to community, health, education, road safety and enterprise programmes.",0.922
Shell,"In 2023, the SPDCJV, SNEPCo and SNG invested 3 million in education programmes.",0.952
Shell,"More than 3,450 secondary school grants, 3,772 university grants and 1,062 cradle-to-career scholarship grants have been awarded since 2016.",0.908
Shell,"In 2022, the SPDC JV transitioned from its existing global memorandum of understanding agreements to Host Communities Development Trusts (HCDTs) in accordance with the provisions of the Petroleum Industry Act of 2021.",0.929
Shell,"By 2023, 27 of the 33 HCDTs had been incorporated.",0.924
Shell,"In 2022, Shell acquired Daystar Power, a provider of solar power to businesses in West Africa.",0.948
Shell,"In January 2024, Shell announced the sale of SPDC.",0.917
Shell,Shell is working towards achieving 35% representation of women in our senior leadership positions by 2025 and 40% by 2030.,0.939
Shell,"By 2030, we will make our global network of service stations more inclusive and accessible to customers with physical disabilities.",0.913
Shell,"As of December 31, 2023, 42% of Shell plc s Board members were women, compared with 55% in 2022.",0.901
Shell,"Representation of women on the Executive Committee rose to 43% at the end of December senior leadership were women, up from 30% in 2022.",0.952
Shell,"In support of the 2023 Parker Review recommendations, by 2027, Shell aims to achieve 15% ethnic minority representation in its senior management A .",0.906
Shell,"In 2023, the response rate to quartile in comparison with external benchmarks.",0.91
Shell,"In 2023, all our employees had access to an independent channel to raise their employment concerns or grievances.",0.922
Shell,"In 2023, we worked closely with Ipieca to co- create a programme to improve ethical recruitment and worker engagement in the oil and gas industry, which will be piloted in 2024.",0.915
Shell,"In 2023, we worked with bp, Equinor and Ørsted to improve the rights and welfare of migrant workers in our supply chains.",0.942
Shell,"At our Shell Energy and Chemicals Park Singapore, we conducted a survey of more than 400 workers employed by 15 contractor partners, which was held over four days in seven languages.",0.914
Shell,The initiative resulted in improvements to dormitories and rest areas and the construction of safe bridges and walkways.,0.948
Shell,"In 2023, we remedied late payment of contractor workers salaries in Nigeria.",0.954
Shell,"In 2023, senior executives from Shell s 23 major global contractors joined Shell executives in Norway for our annual Contractor Safety Leadership workshop.",0.907
Shell,"Also in 2023, leadership teams from 25 Shell joint ventures and companies newly acquired by Shell met in the Netherlands to discuss topics such as worker welfare and to affirm support for industry efforts on worker welfare.",0.917
Shell,"About 1,750 employees had completed the training between its launch in 2021 and the end of 2023, which is 94% of those assigned the training.",0.915
Shell,"In 2023, we received feedback at 80 sites in 26 countries.",0.941
Shell,"In 2023, community engagement practitioners resolved 77% of the complaints, requests and questions we received.",0.945
Shell,Resolved within 31 to 60 days e,0.909
Shell,Resolved within more than 60 days f Complaints in progress at the end of December 2023,0.941
Shell,"In 2023, we increased the number of sites with community feedback mechanisms aligned with the criteria from 16 to 20.",0.952
Shell,"In Canada, Shell s Scotford Complex signed a Good Neighbour Agreement with its two closest indigenous communities, the Enoch Cree Nation and the Alexander First Nation.",0.924
Shell,We suspended our activities to allow local experts to excavate and find out more.,0.937
Shell,"In 2023, the partners launched an agricultural assistance programme to help restore the living standards and livelihoods of the affected households.",0.943
Shell,"In 2023, we helped develop a new Ipieca guide for fishing baselines to identify, avoid or mitigate the potential impacts of offshore projects on fishing livelihoods and dependent communities.",0.916
Shell,Sustainability at Achieving net-zero Sustainability in Our performance Shell Our values emissions Respecting nature,0.929
Shell,"In 2023, we made progress in supporting a just transition across a range of themes, including skills training, trialling a new model to share profits with local communities and improving energy access.",0.952
Shell,"In 2023, around 6,900 Shell employees up from around 4,000 in 2022 completed courses linked to the energy transition, including hydrogen production, carbon capture and storage, and greenhouse gas and energy management.",0.953
Shell,"In the UK, we aim to help 15,000 people into jobs with a focus on the energy transition by 2035.",0.93
Shell,"Communities At our Pottendijk wind and solar power park in the Netherlands, which opened in 2023, we are sharing the proceeds of the renewable energy we generate.",0.919
Shell,"In 2024, we pledged 200 millionas part of a broader initiative to help people get access to energy in the near and medium term.",0.95
Shell,"In Nigeria, Shell-funded investment company All On has agreed toinvest 11 millionin 25 mini-grid projectsacross the country.",0.93
Shell,P stesffo dna slavomer nobra C Sustainability at Achieving net-zero Sustainability in Our performance Shell,0.918
Shell,Powering lives oil and gas data Energy use Mobility Commercial Marine Aviation Industrial Commercial road transport Value enhanced by trading and optimisation 65 Shell Sustainability Report 2023 Sustainability at Achieving net-zero Sustainability in Our performance Shell,0.916
Shell,We continue to make progress in reducing the greenhouse gas emissions from our oil and gas operations.,0.945
Shell,"In 2023, we implemented projects to reduce flaring at our Pearl GTLgas-to-liquids facility in Qatar, increase electrification of our sites in Canada and the Netherlands, and vent less methane at our QGC facility in Australia.",0.953
Shell,"We are growing our portfolio by a third with around 11 milliontonnes a year of new LNG capacity under construction, which will come on stream in the second half of this decade.",0.92
Shell,"In 2023, we delivered first gas from the Timi unmanned platform (Shell interest 75%) off the coast of Sarawak in Malaysia.",0.945
Shell,"Our latest Shell-operated development, Vito (Shell interest 63.1%), started production in 2023.",0.945
Shell,"Sparta will also feature all-electric topside compression equipment, significantly reducing greenhouse gas intensity and emissions from our own operations.",0.931
Shell,Sustainability at Achieving net-zero Sustainability in Our performance Shell Our values emissions Respecting nature,0.929
Shell,Shell ended offshore exploration drilling operations in Alaska in 2015.,0.948
Shell,"In 2023, we started gas production at the unmanned Timi (Shell interest 75%) offshore platform in Malaysia, which is powered by solar and wind energy and is around 60% lighter than a conventional wellhead platform powered by oil and gas.",0.93
Shell,"In the US Gulf of Mexico, our latest Shell-operated development, Vito (Shell interest 63.1%), started production in 2023.",0.937
Shell,"Sparta will also feature all-electric topside compression equipment, significantly reducing greenhouse gas intensity and emissions from our own operations.",0.931
Shell,"During the year, we were awarded Gold Standard status for our OGMP 2.0 reporting for the third consecutive year.",0.941
Shell,The aim is to capture more than 90% of the gas by 2028.,0.913
Shell,Our Sustainability at Achieving net-zero Sustainability in performance Shell Our values emissions Respecting nature,0.94
Shell,About our data 71 Our standards and policies 72 Our Powering Progress targets 73 Safety data 76 Greenhouse gas and energy data 83 Other environmental data 87 Social data 92 Reconciliation of non-GAAP financial measures 69 Shell Sustainability Report 2023,0.9
Shell,Our Sustainability at Achieving net-zero Sustainability in performance Shell Our values emissions Respecting nature,0.94
Shell,"Powering lives oil and gas data About our data We began reporting voluntarily on our environmental, safety and social performance with the first Shell Report for 1997.",0.915
Shell,"A We are transitioning to our new Safety, Environment and Asset Management (SEAM) Standards, which come into effect from July 1, 2024.",0.911
Shell,Our Sustainability at Achieving net-zero Sustainability in performance Shell Our values emissions Respecting nature,0.94
Shell,Our Sustainability at Achieving net-zero Sustainability in performance Shell Our values emissions Respecting nature,0.94
Shell,Routine Methane Halving Scope Eliminating Maintain methane emissions B flaring emissions C 1 and 2 emissions routine flaring emissions intensity by 2030 B from upstream below 0.2% and reduction tonnes hydrocarbons control by 2025 E methane emissions Emissions from the products we sell (Scope 3) Target Ambition Target Ambition Net carbon intensity (NCI),0.908
Shell,New ambition F Net carbon intensity (NCI) Oil products ambition F First performance metric Introducing a range of 15 20% Reduce customer emissions from 6.3% to be reported in 2024 for our target to reduce NCI the use of our oil products by B Operational control boundary.,0.949
Shell,Our Sustainability at Achieving net-zero Sustainability in performance Shell Our values emissions Respecting nature,0.94
Shell,Our Sustainability at Achieving net-zero Sustainability in performance Shell Our values emissions Respecting nature,0.94
Shell,Health Total recordable occupational illness Number per million A There were seven COVID-19 related employee occupational illnesses in 2023.,0.933
Shell,Our Sustainability at Achieving net-zero Sustainability in performance Shell Our values emissions Respecting nature,0.94
Shell,Our Sustainability at Achieving net-zero Sustainability in performance Shell Our values emissions Respecting nature,0.94
Shell,Carbon offsets were included in the total estimated GHG emissions covered by the Net Carbon Footprint calculation.,0.937
Shell,I The carbon intensity of biofuels reflects the global average for biofuels sold by Shell for 2023.,0.91
Shell,Our Sustainability at Achieving net-zero Sustainability in performance Shell Our values emissions Respecting nature,0.94
Shell,I 2023 methane emissions were converted to CO 2 equivalents using GWPs from the IPCC Fifth Assessment Report.,0.953
Shell,Our Sustainability at Achieving net-zero Sustainability in performance Shell Our values emissions Respecting nature,0.94
Shell,B We estimated the uncertainty of our 2023 Scope 2 GHG emissions to be around 8% for the market-based method and 7% for the location-based method.,0.9
Shell,Our Sustainability at Achieving net-zero Sustainability in performance Shell Our values emissions Respecting nature,0.94
Shell,"e tonne A In tonnes of Scope 1 and Scope 2 GHG emissions per tonne of oil and gas available for sale, liquefied natural gas and gas-to-liquids production in Integrated Gas and Upstream.",0.924
Shell,"In kilograms of Scope 1 and Scope 2 GHG emissions per boe of oil and gas available for sale, liquefied natural gas and gas-to-liquids production in Integrated Gas and Upstream.",0.931
Shell,Our Sustainability at Achieving net-zero Sustainability in performance Shell Our values emissions Respecting nature,0.94
Shell,Powering lives oil and gas data Scope 3 GHG emissions,0.946
Shell,"E Estimated emissions from the transport and distribution of sold own oil products, crude oil, liquefied natural gas, gas-to-liquids, natural gas and biofuels.",0.941
Shell,Our Sustainability at Achieving net-zero Sustainability in performance Shell Our values emissions Respecting nature,0.94
Shell,D Carbon credits retired in relation to sales of non-energy products and Shell s internal activity like corporate travel.,0.947
Shell,Our Sustainability at Achieving net-zero Sustainability in performance Shell Our values emissions Respecting nature,0.94
Shell,Our Sustainability at Achieving net-zero Sustainability in performance Shell Our values emissions Respecting nature,0.94
Shell,Our Sustainability at Achieving net-zero Sustainability in performance Shell Our values emissions Respecting nature,0.94
Shell,Our Sustainability at Achieving net-zero Sustainability in performance Shell Our values emissions Respecting nature,0.94
Shell,Our Sustainability at Achieving net-zero Sustainability in performance Shell Our values emissions Respecting nature,0.94
Shell,Our Sustainability at Achieving net-zero Sustainability in performance Shell Our values emissions Respecting nature,0.94
Shell,Our Sustainability at Achieving net-zero Sustainability in performance Shell Our values emissions Respecting nature,0.94
Shell,Powering lives oil and gas data Employees (UK only) % of those who self-identified J K,0.9
Shell,Our Sustainability at Achieving net-zero Sustainability in performance Shell Our values emissions Respecting nature,0.94
Shell,D All graduate hires provided data or declared their gender in 2023.,0.934
Shell,E 0.1% of experienced hires did not provide data or chose not to declare in 2023.,0.931
Shell,Our Sustainability at Achieving net-zero Sustainability in performance Shell Our values emissions Respecting nature,0.94
Shell,Social investment A Estimated social investment spend (equityshare) in lower-,0.909
Shell,Social investment and contracting and procurement data collected via our financial system.,0.934
Shell,Our Sustainability at Achieving net-zero Sustainability in performance Shell Our values emissions Respecting nature,0.94
Shell,Total spend on goods and services million,0.95
Shell,Taxes paid and collected million Consolidated Statement of Cash Flowsin our Annual Report and Accounts 2023.,0.936
Shell,Cash capital expenditure 2023 million Renewables Integrated Chemicals and and Energy Gas Upstream Marketing Products Solutions Corporate Total Investments in joint ventures and A See Consolidated Statement of Cash Flows.,0.907
Shell,Shell Sustainability Report 2023 Sustainability at Achieving net-zero Sustainability in Our performance Shell,0.925
